transaction_id,customer_id,merchant_id,timestamp,hour,day,weekday,is_weekend,is_night,customer_segment,avg_spend_profile,home_lat,home_lon,past_fraud_history,credit_score,account_age_days,merchant_category,merchant_risk_score,merchant_lat,merchant_lon,transaction_amount,txn_lat,txn_lon,distance_from_home_km,is_foreign,high_risk_country,device_type,channel,is_new_device,vpn_detected,tor_detected,device_id,transaction_velocity_1h,transaction_velocity_24h,transaction_velocity_7d,seconds_since_last_txn,avg_amount_30d,amount_deviation_ratio,merchant_ring_id,shared_device_count,customer_merchant_txn_count,label,fraud_type,financial_loss
TXN00150584,2529,1550,33:22.1,14,90,0,0,0,regular,210.9342958,30.85210193,36.87149078,0,820,1834,food,0.118403058,25.45410426,30.77163533,140.44,32.79875262,34.66312328,301.62,1,0,unknown,pos,0,0,0,069555d322b7,2,1,16,2186625.594,250.0101406,0.5595,-1,1,2,0,legit,0.0
TXN00022527,2886,1876,37:46.4,12,14,1,0,0,premium,341.4125465,28.98955015,26.35885919,0,418,1364,travel,0.27006579,20.0466946,27.92830968,187.25,31.83511169,26.2013058,316.23,1,0,mobile_ios,atm,1,0,0,6bb300cb0ddc,0,9,25,156601.2681,344.5374049,0.5419,-1,0,1,0,legit,0.0
TXN00164180,5646,976,48:00.2,17,98,1,0,0,regular,611.9005239,23.21561969,26.89372809,0,544,2117,travel,0.244744576,33.55335585,33.57576682,375.67,24.66239972,24.67298895,277.69,0,1,mobile_ios,pos,0,0,0,bcda78cbc2f0,2,5,12,673871.1463,638.3729063,0.5876,-1,0,3,0,legit,0.0
TXN00198579,1951,1137,42:29.1,3,119,1,0,1,regular,590.1132728,24.26666695,32.2963251,0,546,1885,retail,0.147211912,22.42627383,29.83724377,546.44,23.87008474,28.86127881,350.38,1,0,mobile_android,pos,0,0,0,780f9faf57c9,3,4,14,1822554.437,519.1632412,1.0505,-1,0,1,0,legit,0.0
TXN00072310,2104,1317,44:35.2,3,44,3,0,1,dormant,187.6111876,23.744038,27.27792542,0,576,1298,retail,0.193475626,29.29568113,32.68950766,116.12,21.26712735,29.88166967,381.55,1,0,mobile_ios,pos,0,0,0,b566156e8807,1,4,21,292013.6179,214.8219758,0.538,-1,0,4,0,legit,0.0
TXN00131078,12905,1475,34:16.8,0,79,3,0,1,new,437.6729024,28.62621454,35.61494172,0,611,875,grocery,0.147472419,20.96634387,29.09831247,436.81,30.57206794,37.96100065,314.48,1,0,mobile_ios,online,0,0,0,2cd797fc1b4a,1,3,19,68469.02654,447.4745311,0.974,-1,2,4,0,legit,0.0
TXN00186888,1075,711,08:47.3,5,112,1,0,1,new,194.3530674,26.80035958,25.60998729,0,652,125,retail,0.142472396,25.44555699,35.20605859,326.6,27.82989798,25.24735779,119.79,0,0,tablet_android,pos,0,0,0,85b7a5f51622,5,7,18,1780319.285,219.8489372,1.4788,-1,0,4,0,legit,0.0
TXN00071889,8988,1103,48:34.2,21,43,2,0,0,new,556.3099949,27.20525138,30.0931073,0,705,3915,electronics,0.297065168,31.48770221,31.27914429,514.13,27.3535428,29.98021342,19.88,0,0,mobile_ios,atm,0,0,0,661d516d87ae,1,11,16,22643.50138,595.5807314,0.8618,-1,0,0,0,legit,0.0
TXN00051626,3872,671,03:26.6,20,31,4,0,0,new,344.0272113,28.1020132,32.99932142,0,625,2031,crypto,0.558921923,20.7924442,33.08085774,597.44,27.00409188,33.15603988,122.83,0,0,mobile_ios,online,0,0,0,dc184aacc920,1,6,27,888390.0919,280.8194412,2.1199,-1,0,0,0,legit,0.0
TXN00144316,9061,856,33:36.7,22,86,3,0,0,regular,120.8808992,28.84149897,34.87579601,0,544,2085,retail,0.110995152,31.56763381,31.7239456,99.4,30.3855923,37.09097404,275.26,0,0,mobile_ios,pos,0,0,0,ae570d4386e2,1,3,17,420514.8567,117.1079828,0.8416,-1,0,3,0,legit,0.0
TXN00197247,4226,1563,24:54.6,8,118,0,0,0,regular,253.4535475,28.42504073,36.45377333,0,555,3798,food,0.070753143,34.57241771,34.43357789,417.84,31.4307927,37.03607655,338.45,1,0,mobile_ios,online,0,1,0,4cd2e6c5d47b,0,2,32,671626.4215,218.0605224,1.9074,-1,1,2,0,legit,0.0
TXN00020849,1659,1266,33:48.6,12,13,0,0,0,regular,40.88967738,23.11074865,26.62959851,0,582,471,electronics,0.346159643,24.81375223,36.96584359,76.43,20.75083399,27.52504572,277.44,0,0,mobile_android,pos,0,0,0,8eccdf555144,3,5,17,352710.9815,41.19394016,1.8114,-1,0,2,0,legit,0.0
TXN00148803,3180,829,09:17.0,14,89,6,1,0,regular,102.4541273,27.56623567,26.07885412,0,730,2627,luxury,0.286809374,33.63872705,36.17224965,89.2,26.27290034,27.96853683,234.91,0,0,mobile_ios,in_app,0,0,0,e89d2cd2aa4b,0,3,15,150218.2062,91.64470167,0.9628,-1,0,3,0,legit,0.0
TXN00111483,6965,1886,34:50.8,7,67,5,1,0,new,220.5568696,27.10587864,25.24628105,0,599,3935,gambling,0.497965756,22.67727649,36.87564118,246.49,27.89912485,23.03817587,235.28,0,0,tablet_android,in_app,0,0,0,132ebb7496f5,2,4,13,104191.519,257.6081958,0.9531,-1,0,3,0,legit,0.0
TXN00081090,11763,1200,18:04.0,10,49,1,0,0,regular,505.2721502,29.11525026,29.00418538,0,753,3115,retail,0.138687045,31.8485942,34.53479042,495.31,26.18699425,28.43838932,329.63,1,0,unknown,pos,0,0,0,811eaf53d9b9,0,6,18,317492.0382,460.9255494,1.0723,-1,0,1,0,legit,0.0
TXN00174690,5857,1132,17:01.5,23,104,0,0,0,dormant,384.6264668,26.86130347,28.10643939,0,658,2950,electronics,0.31169753,28.90063934,35.83328966,111.85,29.07530626,29.73624525,294.01,0,0,desktop_chrome,pos,0,1,0,0d9b982729aa,1,3,19,1337138.425,384.744449,0.29,-1,1,6,0,legit,0.0
TXN00109479,7670,1253,37:37.0,3,66,4,0,1,regular,58.20695391,26.40900318,36.87817929,0,714,419,grocery,0.139124725,27.97467364,32.36406509,18.09,27.86183904,36.62959942,163.15,0,1,mobile_ios,online,0,0,0,e3b0bc8c80c4,2,3,18,776698.6802,59.62628998,0.2984,-1,0,2,0,legit,0.0
TXN00129088,3047,1372,00:27.5,20,77,1,0,0,new,80.60454227,25.39469022,25.41659313,0,621,2873,travel,0.299057847,24.92822946,30.97568016,94.01,23.68188797,26.33816226,211.39,0,0,mobile_android,online,0,0,0,ac7dde280413,0,7,24,84593.07085,68.29854509,1.3566,-1,0,7,0,legit,0.0
TXN00103150,10444,1108,04:05.1,9,62,0,0,0,regular,518.2766488,23.26730353,28.30236936,0,547,616,electronics,0.277269112,31.39257177,24.06390094,327.52,22.63206653,29.39930194,132.23,0,0,desktop_chrome,pos,0,0,0,f191e71d1efc,1,6,23,455097.5423,427.5327894,0.7643,-1,0,2,0,legit,0.0
TXN00015966,12392,1722,06:53.4,13,10,4,0,0,regular,130.6651362,25.4288752,26.24263199,0,673,2579,food,0.112170825,24.13638737,29.92350661,114.88,27.48515383,22.15747541,468.83,1,0,mobile_ios,online,0,0,0,e547d65512ca,1,5,15,14270.93116,139.1413042,0.8197,-1,2,4,0,legit,0.0
TXN00041243,5841,1468,49:30.2,15,25,5,1,0,dormant,468.6057213,23.65636738,31.56953524,0,605,3062,luxury,0.374013248,24.77866782,29.19229589,459.57,22.77001428,31.63614747,98.62,0,0,tablet_ios,online,0,0,0,065d3689cdeb,0,7,13,66468.72532,516.3714842,0.8883,-1,0,1,0,legit,0.0
TXN00068373,5196,1014,45:22.0,18,41,0,0,0,premium,341.6433198,29.48996985,36.39089258,0,733,373,luxury,0.263208925,30.35649597,28.75471428,599.41,28.17890551,39.29891589,316.42,1,1,mobile_ios,online,1,0,0,dc90ca642e11,0,7,21,537695.5619,371.4158605,1.6095,-1,0,4,0,legit,0.0
TXN00163425,11845,1368,40:43.6,6,98,1,0,0,new,423.7884837,28.48861051,30.59200247,0,695,837,food,0.180573524,28.73017035,33.47583241,106.63,27.69367541,31.39661964,118.1,0,0,desktop_firefox,pos,0,1,0,a8a1e5bf68da,0,5,11,53792.3596,503.0508397,0.2115,-1,0,4,0,legit,0.0
TXN00014373,11206,1442,45:08.7,13,9,3,0,0,new,187.9152826,31.97712482,25.9371478,0,600,791,food,0.092541815,27.45148146,29.59953614,225.54,31.6252046,26.5268956,67.89,0,0,tablet_ios,pos,1,0,0,56074fda5fec,0,4,19,1201905.282,156.8779378,1.4286,-1,0,2,0,legit,0.0
TXN00152013,12912,864,43:49.6,10,91,1,0,0,regular,94.86761573,31.77172164,36.52259302,0,543,2965,electronics,0.206993622,34.36980517,31.28573594,147.59,33.86384537,36.29517169,233.22,0,0,mobile_android,pos,1,0,0,845d463d1785,2,7,26,45800.32464,88.80584295,1.6434,-1,0,1,0,legit,0.0
TXN00187955,8555,1882,03:57.3,20,112,1,0,0,regular,261.9092921,25.965629,26.54932728,1,534,3534,electronics,0.281060831,28.37057819,29.09485751,150.94,23.64948435,24.43070956,332.86,1,0,mobile_ios,pos,0,0,0,99c049e2d6f0,2,4,13,201010.3923,302.1584965,0.4979,-1,0,4,0,legit,0.0
TXN00116076,2214,1157,21:27.1,1,70,1,0,1,regular,252.4658124,30.55239058,30.83683268,0,773,3534,retail,0.195903352,23.33123077,36.2212812,407.24,26.28904823,28.17989711,537.08,1,0,mobile_ios,online,0,0,0,eb0a70fd746d,2,4,11,1111792.039,269.1183482,1.5076,-1,1,4,0,legit,0.0
TXN00046546,8944,1527,56:47.1,18,28,1,0,0,regular,108.8414064,30.16059229,31.3028691,0,655,622,retail,0.136231477,23.14670402,34.22086885,89.84,30.97120935,30.07569659,148.21,0,0,desktop_firefox,pos,0,0,0,4bc27f67bd73,2,7,25,89352.65907,118.7031108,0.7505,2,0,4,0,legit,0.0
TXN00065843,7208,1902,27:50.2,6,40,6,1,0,regular,495.011106,27.4938745,26.59124741,0,608,1055,electronics,0.275329785,22.23404133,33.82477602,815.34,29.44777001,29.63107831,369.63,1,1,mobile_ios,pos,0,0,0,9c936273e343,1,5,21,439871.0506,549.0511905,1.4823,-1,0,3,0,legit,0.0
TXN00140085,4404,755,48:27.8,9,84,1,0,0,new,173.0863142,26.29286123,32.53340576,0,582,154,retail,0.170176378,25.37085702,29.21124849,254.59,23.78840698,31.03541088,315.44,1,0,mobile_ios,online,0,0,0,14fac23102ff,0,2,15,624152.427,204.2683565,1.2403,-1,0,5,0,legit,0.0
TXN00131889,8435,606,22:09.4,12,79,3,0,0,new,178.3785841,23.88451492,25.80506594,0,726,3943,food,0.162288093,30.46980266,31.56446761,279.42,25.7693798,27.10698874,247.45,0,0,mobile_android,in_app,0,0,0,dc9bd10542f1,2,6,18,1020313.458,175.1906166,1.5859,-1,0,3,0,legit,0.0
TXN00134851,9859,1271,10:25.3,6,81,5,1,0,regular,298.4449743,26.63700394,34.1004125,0,698,845,grocery,0.109258585,30.07254212,27.51791446,333.36,25.54806753,36.50028659,267.04,0,0,tablet_android,online,1,0,0,542fcb944d63,0,4,7,982.3917425,290.7050157,1.1428,-1,0,4,0,legit,0.0
TXN00160224,1079,1737,41:42.6,8,96,6,1,0,premium,242.7961805,22.17738741,31.80129286,0,667,636,grocery,0.171552077,28.03693603,27.38985788,146.64,22.30875493,34.54112831,282.0,0,0,desktop_firefox,pos,0,1,0,5f1a5ba6127c,1,2,22,512074.9446,275.0982717,0.5311,2,0,1,0,legit,0.0
TXN00009427,1117,832,43:04.7,14,6,0,0,0,regular,288.0117761,23.07349216,26.26100493,0,730,547,luxury,0.351716286,30.05968186,31.80055049,172.71,23.91742556,24.45029934,207.28,0,0,mobile_ios,online,0,0,0,27314215ef07,3,2,16,30365.81669,332.1835482,0.5184,-1,0,1,0,legit,0.0
TXN00008836,9360,851,55:14.1,5,6,0,0,1,new,118.2117072,25.49099537,27.16924239,0,758,1442,electronics,0.346200478,34.21027206,27.91731701,141.19,22.45161006,25.8045421,364.03,1,1,desktop_chrome,online,0,0,0,31292437f933,2,7,18,285767.9078,107.8787468,1.2968,-1,0,2,0,legit,0.0
TXN00169566,5523,1393,47:23.1,22,101,4,0,0,regular,408.0684116,30.54920575,30.01563857,1,616,3712,crypto,0.526934124,24.10837225,25.87790825,220.17,30.91230084,30.55650727,65.56,0,0,mobile_ios,in_app,0,0,0,772b0b127c1b,1,5,19,99999.0,373.3693496,0.5881,-1,0,5,0,legit,0.0
TXN00058577,12917,1308,29:52.0,22,35,1,0,0,dormant,580.8730028,28.81310941,29.51483482,0,727,1311,luxury,0.270131776,20.06461989,24.48503742,289.64,30.24337772,32.25496028,310.2,1,0,mobile_ios,online,0,0,0,63f2d168e8af,4,2,13,25356.47487,564.6831268,0.512,-1,2,3,0,legit,0.0
TXN00113671,3318,1699,19:17.6,15,68,6,1,0,regular,671.7114568,29.96318956,29.10939851,0,581,908,food,0.086731763,26.99659588,30.54760382,397.96,23.24957996,29.75031474,747.76,1,0,desktop_firefox,online,1,0,0,5086a5b945d2,4,1,20,1169147.017,721.9635831,0.5505,-1,0,3,0,legit,0.0
TXN00105549,12646,1141,20:18.2,19,63,1,0,0,regular,233.0168785,29.42646245,33.54355183,0,788,2935,food,0.123208983,26.13191294,37.33892171,505.23,26.5438371,36.24599229,413.09,1,0,mobile_ios,pos,0,0,0,3a33d0bb270a,1,4,15,99999.0,237.810744,2.1156,-1,0,1,0,legit,0.0
TXN00030436,9892,1837,48:09.4,4,19,6,1,1,dormant,149.5985582,27.02095233,28.72007336,0,758,3932,luxury,0.359288052,30.96581498,30.14224699,180.87,28.43995667,28.11603382,168.45,0,0,mobile_android,pos,0,0,0,26d32bb17484,3,2,17,258048.1697,120.5476258,1.4881,-1,0,2,0,legit,0.0
TXN00193197,6609,582,16:25.7,22,115,4,0,0,regular,273.5595711,26.41617504,36.96092314,1,629,2146,food,0.057199642,28.63388803,27.72183779,283.25,28.09782556,38.48847861,240.63,0,0,mobile_ios,in_app,0,0,0,a9cea0bf43e5,2,5,10,429417.2572,251.0665096,1.1237,-1,2,7,0,legit,0.0
TXN00053856,2566,584,55:00.4,3,33,6,1,1,regular,101.9613151,22.48229267,31.28112923,0,671,3132,food,0.055337803,26.03146727,30.33875914,68.59,21.32498138,31.42755951,129.34,0,0,desktop_chrome,atm,0,0,1,9e70263456a4,1,3,17,155242.433,102.7430108,0.6612,-1,0,6,0,legit,0.0
TXN00112133,10525,1370,12:46.1,17,67,5,1,0,regular,349.8808347,26.65937635,27.56133097,0,596,61,grocery,0.09760037,22.89173572,27.77876399,393.47,25.69221438,24.08635269,361.05,1,0,mobile_android,pos,0,0,0,a585bde86650,1,4,14,862602.4729,323.4921858,1.2126,-1,0,6,0,legit,0.0
TXN00072868,8629,977,40:41.0,11,44,3,0,0,new,400.2918342,22.44732636,28.45634433,0,602,3202,grocery,0.165658822,32.54423048,33.00427332,1234.78,24.7068437,25.5896483,386.52,1,0,mobile_ios,pos,0,0,0,da52eee8875f,1,6,15,99999.0,376.2961922,3.2727,-1,0,0,0,legit,0.0
TXN00109514,3584,1106,05:30.6,4,66,4,0,1,regular,474.7283882,22.69593935,33.51257716,0,684,1693,grocery,0.123172452,32.60133142,35.17710866,740.88,25.45375171,34.27506309,315.92,1,0,tablet_ios,atm,0,0,0,acd40fa1769c,2,2,16,140772.9781,384.473413,1.922,-1,2,4,0,legit,0.0
TXN00188032,6867,1967,14:36.8,21,112,1,0,0,regular,92.06113238,29.05787733,33.52530432,1,655,2798,crypto,0.58625865,25.95701415,29.41564529,132.6,30.4615492,32.96449311,165.04,1,0,mobile_android,in_app,0,0,0,1a380d955237,0,7,32,244805.556,92.64955681,1.4159,-1,0,2,1,identity_theft,132.6
TXN00138289,8147,509,00:03.9,8,83,0,0,0,regular,91.56972242,29.80662778,36.68296734,0,664,352,retail,0.08168418,32.59887087,26.61885236,65.33,29.36478716,37.65576883,105.76,0,0,mobile_android,online,0,0,0,f1896496cc83,1,5,23,104927.1474,96.36387179,0.671,-1,0,2,0,legit,0.0
TXN00027687,10950,1146,19:21.6,14,17,4,0,0,regular,404.5937675,25.46677594,28.98145052,0,553,2632,retail,0.075766536,24.32379437,32.33969242,712.2,24.94211329,28.95966167,58.28,0,0,desktop_chrome,pos,0,0,0,6c4618b6615b,1,5,20,2976938.305,367.6783473,1.9318,-1,1,3,0,legit,0.0
TXN00078313,7412,686,14:11.5,17,47,6,1,0,new,165.1126668,27.53804412,26.30264195,0,431,3063,electronics,0.22724976,33.92133245,26.18188987,178.2,28.91007912,25.96956703,155.78,0,0,mobile_android,online,0,0,0,0658a5e1ace8,1,6,14,323787.6945,168.2720924,1.0527,-1,0,3,0,legit,0.0
TXN00012139,10739,1145,44:25.7,5,8,2,0,1,regular,11.01571287,25.41039506,36.5454005,0,850,1094,retail,0.092379154,23.15553325,31.79158462,16.44,27.39735521,40.33057789,438.94,1,0,unknown,online,0,0,0,113ce9b18c4a,1,8,14,1085682.04,13.13336421,1.1632,-1,2,3,0,legit,0.0
TXN00073825,12253,954,10:15.9,1,45,4,0,1,dormant,202.5838599,23.24435899,33.01620094,0,693,1520,travel,0.295722187,33.16535161,27.54094483,270.23,19.16993981,31.65734412,473.02,1,0,mobile_ios,online,1,0,0,6a58bd949070,1,8,23,14812.26747,190.612933,1.4103,-1,2,5,0,legit,0.0
TXN00096894,5400,1259,25:17.6,17,58,3,0,0,premium,682.0806211,26.13240576,26.7319275,0,670,2390,grocery,0.067766263,31.59795026,25.34006033,361.57,25.64904309,26.10731512,82.18,0,0,tablet_ios,online,0,0,0,86411475426,0,2,15,814536.0683,696.1176835,0.5187,-1,0,3,0,legit,0.0
TXN00071189,4731,1875,16:05.4,11,43,2,0,0,dormant,667.1293075,22.18980515,31.67076648,0,741,251,grocery,0.179619932,33.92857257,25.23471325,411.28,20.27260786,31.99006632,215.32,0,0,mobile_ios,online,0,0,0,0265bda6178c,1,5,15,83600.1141,701.8656216,0.5851,-1,1,4,0,legit,0.0
TXN00082913,9537,1326,31:29.2,11,50,2,0,0,new,192.3110208,24.37498608,28.10288062,0,715,3727,grocery,0.057893051,26.05053292,34.77967784,159.75,25.50771442,24.99489454,338.46,1,0,mobile_ios,in_app,0,0,0,f7be04f6cf0f,0,9,20,332097.2788,196.4485872,0.8091,7,0,3,0,legit,0.0
TXN00197205,2949,759,50:46.3,7,118,0,0,0,regular,65.34970162,23.57751639,35.30544679,0,599,2697,retail,0.198823683,31.91180712,37.44658437,59.64,22.19484205,36.48434775,194.78,0,0,tablet_android,pos,0,0,0,51cc54839fc6,0,2,13,99999.0,62.72350849,0.9359,-1,0,2,0,legit,0.0
TXN00169596,4846,984,05:30.4,23,101,4,0,0,dormant,265.9581441,23.60841735,28.09501382,0,712,2385,travel,0.157491902,22.88642148,25.37700165,362.73,20.69990977,30.19817363,387.28,1,0,desktop_chrome,in_app,0,0,0,3ccd82fa7b9e,1,0,19,11577.86479,223.3388438,1.6169,-1,1,5,0,legit,0.0
TXN00000054,2802,1044,43:58.5,0,1,2,0,1,regular,328.6000209,29.03607828,26.60847226,0,784,2503,travel,0.24308663,22.79139315,33.65443118,240.39,30.68945353,26.61850837,183.53,0,0,mobile_android,pos,0,0,0,6a0bd35b1b98,3,5,19,222543.6219,327.4936988,0.7318,-1,0,4,0,legit,0.0
TXN00099313,6559,1789,31:24.4,3,60,5,1,1,regular,309.4594038,31.24784236,31.92797107,0,559,1034,retail,0.082979757,26.57356338,35.17663576,160.9,26.7952233,31.74665408,494.54,1,0,desktop_chrome,in_app,0,0,0,c201958d3112,1,6,20,972943.3763,261.550887,0.6128,-1,0,6,0,legit,0.0
TXN00176140,3056,1744,06:17.8,20,105,1,0,0,regular,808.7891755,24.52300081,25.99187686,0,551,3494,luxury,0.348539185,21.10900545,36.47854234,1090.24,26.96533039,28.38668784,363.3,1,0,desktop_firefox,pos,0,0,0,fe7b8cd83c1f,2,7,15,46825.99301,950.9130728,1.1453,-1,1,3,0,legit,0.0
TXN00026376,4599,1073,40:22.9,18,16,3,0,0,regular,211.4420506,29.96400666,35.13965052,0,679,3501,food,0.04693846,29.60908645,37.21174605,218.81,26.77385554,33.58735265,384.28,1,0,desktop_chrome,pos,0,1,0,addb52552c09,2,3,17,820752.3196,226.6326567,0.9612,-1,0,3,0,legit,0.0
TXN00134169,12709,1671,25:20.6,20,80,4,0,0,regular,290.3301752,22.12407139,32.4208149,0,754,2940,luxury,0.338779984,27.88127069,33.37937242,250.29,24.97043378,31.39106079,333.22,1,0,mobile_ios,online,0,0,0,8a22d8650cba,0,6,15,343817.3218,275.2401854,0.9061,-1,0,4,0,legit,0.0
TXN00125541,2014,1497,42:10.2,15,75,6,1,0,new,258.6228715,22.59846039,25.52929424,0,563,3009,luxury,0.370587373,31.99410189,29.35428837,174.72,22.13855709,24.35710116,130.52,0,0,desktop_firefox,online,0,0,0,80b884f0ea9c,1,3,26,137469.337,291.5094311,0.5973,-1,0,1,0,legit,0.0
TXN00113420,4941,1484,49:56.5,11,68,6,1,0,new,326.5935943,22.05883688,31.09483919,0,654,2202,gambling,0.595781723,30.06064172,26.5890495,167.1,19.31401029,28.80815902,384.92,1,0,desktop_chrome,online,0,0,0,cc3f39404a27,2,4,14,704272.0949,376.5613247,0.4426,-1,1,2,0,legit,0.0
TXN00089710,6288,739,28:24.2,11,54,6,1,0,premium,83.90863273,26.53326368,34.1727211,0,701,2222,electronics,0.330513296,24.27534398,26.742611,79.24,26.73885775,33.32602869,87.13,0,0,mobile_android,online,0,0,0,68875dd08404,0,3,24,40917.8043,93.0373095,0.8426,-1,0,4,0,legit,0.0
TXN00037089,4622,1006,04:50.6,4,23,3,0,1,regular,93.64628689,25.67196008,32.60736453,0,568,3813,retail,0.182164103,24.86124298,29.33703149,48.52,23.27658723,34.46957113,324.66,1,0,mobile_ios,pos,1,0,0,42a5a2a3c726,3,4,14,97386.79081,76.75743774,0.624,-1,0,5,0,legit,0.0
TXN00128492,4900,1813,06:49.7,11,77,1,0,0,regular,45.40047716,24.96901447,32.56378286,0,649,2896,grocery,0.133174261,33.44237773,27.41606413,34.04,24.73717102,35.20866864,267.38,0,0,desktop_firefox,online,0,0,0,9f0e9da1aae1,1,6,27,945713.0207,47.13915605,0.7071,-1,0,4,0,legit,0.0
TXN00066456,5247,605,06:15.3,15,40,6,1,0,premium,300.2065718,24.90951068,31.81856931,0,709,2664,retail,0.116130189,25.63981313,31.65868859,14.69,26.53178369,32.92864016,211.93,0,0,desktop_firefox,online,0,0,0,099a78e99cd7,14,36,21,1615222.268,251.6542039,0.0581,-1,1,1,1,card_testing,4.41
TXN00088894,11005,932,25:26.3,0,54,6,1,1,new,53.01471582,31.40445801,36.24652165,0,538,1873,electronics,0.308621022,29.94967973,36.07511112,43.62,31.5338964,34.01348787,212.04,0,0,unknown,online,0,0,0,15e9339ba18d,0,3,25,162579.1547,50.42486319,0.8482,-1,1,1,0,legit,0.0
TXN00158240,4805,1053,36:27.8,3,95,5,1,1,dormant,138.6148758,31.24900702,28.69970867,0,690,41,gambling,0.59002992,21.15993183,25.24776859,46.12,31.64776991,27.83356642,93.35,0,0,desktop_chrome,pos,0,0,0,a9e521bf6f5e,1,5,14,1857914.275,147.78803,0.31,-1,0,2,0,legit,0.0
TXN00061765,5472,1318,00:15.3,21,37,3,0,0,regular,1331.502358,23.76498467,36.31500534,0,542,2255,retail,0.125539433,23.83700125,35.98657136,2321.66,20.98739516,36.44823924,308.61,1,0,tablet_ios,online,0,0,0,2bc23d473e95,1,4,27,161061.9883,1557.600952,1.4896,-1,0,3,0,legit,0.0
TXN00103159,11480,1007,13:18.7,9,62,0,0,0,regular,705.0483104,27.23596426,31.58554757,0,537,1112,electronics,0.337070747,33.14031655,28.56137396,851.98,29.58077121,33.56339921,325.34,1,1,mobile_android,pos,0,0,0,2dd193611b62,1,6,16,36771.3661,611.0004744,1.3921,-1,0,2,0,legit,0.0
TXN00095008,12234,1722,02:14.5,15,57,2,0,0,regular,481.1910817,24.94889328,26.67697966,0,713,671,food,0.112170825,24.13638737,29.92350661,736.62,23.89536875,21.91956064,492.87,1,0,desktop_chrome,atm,0,0,0,f3ccb5e490f0,1,4,15,1005567.783,571.4812964,1.2867,-1,0,1,0,legit,0.0
TXN00090333,10448,1682,59:36.1,19,54,6,1,0,regular,304.8459998,29.92608137,26.08044499,0,788,324,retail,0.186413868,20.61421631,31.91620229,167.06,32.61579766,25.14142039,311.93,1,1,mobile_android,online,0,0,0,f76014aa2a8b,1,7,19,1339131.746,250.4707128,0.6643,-1,1,5,0,legit,0.0
TXN00015025,1053,746,32:35.3,23,9,3,0,0,new,208.6488558,24.01792796,26.24748888,0,561,79,food,0.08722683,30.79957497,32.88366255,146.02,24.69019213,24.39231644,202.36,0,0,tablet_ios,pos,0,0,0,d4fd923ed8e1,0,5,19,159999.3552,213.1400259,0.6819,-1,2,3,0,legit,0.0
TXN00019405,4807,1332,21:21.5,15,12,6,1,0,regular,339.4407177,24.20375182,29.01179083,0,724,2228,retail,0.177626233,24.73593698,37.0357718,616.46,29.42971762,32.35978943,671.85,1,1,mobile_android,pos,0,0,0,b8154b1e27c8,1,3,17,1409763.942,318.6623945,1.9285,-1,0,2,0,legit,0.0
TXN00002739,5284,986,43:49.5,14,2,3,0,0,regular,155.0121593,23.84431902,28.600296,0,666,659,retail,0.183003391,30.92984322,32.33301472,126.67,22.90997999,26.9028359,201.14,0,0,desktop_firefox,online,0,0,0,11bbc1097c22,2,2,14,61136.97736,173.0763455,0.7277,-1,1,1,0,legit,0.0
TXN00076917,12300,1891,32:56.6,21,46,5,1,0,regular,218.98417,24.24781635,33.87108594,0,666,1056,food,0.183832784,25.29227447,32.21207853,355.85,20.55388327,34.74384234,419.43,1,0,desktop_chrome,pos,0,0,0,c225d0c80c92,0,6,20,1184224.098,208.4109605,1.6993,-1,0,4,0,legit,0.0
TXN00096133,5102,1368,48:02.5,6,58,3,0,0,regular,72.30454594,25.16792502,30.02256002,0,773,2370,food,0.180573524,28.73017035,33.47583241,48.08,25.54051157,30.54402769,66.74,0,0,mobile_ios,atm,0,0,0,1614f0e26080,0,3,12,1626376.322,78.97624139,0.6012,-1,0,9,0,legit,0.0
TXN00166406,10823,878,05:06.5,2,100,3,0,1,regular,118.7325889,26.88520522,34.59040838,0,651,3168,electronics,0.255942404,24.82656939,29.18936994,87.96,26.73653282,33.74361514,85.44,0,0,desktop_chrome,online,0,0,0,200c02aaf0af,1,3,19,1498571.191,105.6013509,0.8251,-1,1,2,0,legit,0.0
TXN00126873,4517,1501,14:41.4,10,76,0,0,0,regular,222.0007705,30.59761603,33.48350259,0,741,726,food,0.160437736,27.52781217,28.47306923,273.05,32.15056253,37.29730856,403.1,1,0,desktop_firefox,pos,0,0,0,d2124d0a9762,0,5,20,99999.0,223.0464841,1.2187,-1,0,1,0,legit,0.0
TXN00036925,1028,1574,32:52.6,1,23,3,0,1,regular,495.1102325,24.00701542,31.1813854,0,703,1989,food,0.092512528,21.85806938,30.3603316,207.54,23.93992482,32.4637582,130.24,0,0,desktop_chrome,online,0,0,0,c3767040f7c5,1,5,17,3265425.463,466.9858722,0.4435,-1,0,0,0,legit,0.0
TXN00090011,3673,1870,31:14.3,15,54,6,1,0,regular,270.4739231,23.27300236,26.33277346,0,527,3718,luxury,0.334088016,23.59400505,32.94670637,325.09,24.19064774,26.77833644,111.53,0,0,mobile_android,pos,0,0,0,e007b782a38b,2,2,16,386104.2732,264.0637498,1.2265,-1,1,4,0,legit,0.0
TXN00159782,6573,1544,32:07.4,2,96,6,1,1,regular,258.2711767,25.45938573,26.61542772,0,550,2020,grocery,0.137917882,22.55164595,36.70498786,275.99,23.47096439,28.34423944,280.6,0,0,mobile_ios,pos,0,0,0,4d10253dfc10,1,4,19,77470.41846,234.5339101,1.1718,-1,1,2,0,legit,0.0
TXN00146314,6237,1248,39:48.2,3,88,5,1,1,regular,215.0209672,31.94376817,30.99342093,0,643,3472,electronics,0.247770619,26.03121724,33.40175365,199.01,34.19002871,30.06376665,264.26,0,0,desktop_chrome,atm,0,0,0,2f4839c20a32,1,5,20,203293.3683,175.9856516,1.1244,-1,0,2,0,legit,0.0
TXN00086428,8219,630,50:59.3,13,52,4,0,0,dormant,184.2719973,30.82577609,31.16763247,0,534,1303,food,0.096086804,31.96309002,29.81203218,106.49,32.89276415,33.27334321,304.84,1,0,tablet_android,pos,0,0,0,581e7da7c18b,2,4,20,20673.43609,214.9569499,0.4931,-1,1,1,0,legit,0.0
TXN00014274,8004,867,20:43.9,12,9,3,0,0,regular,268.7352016,29.05537177,28.84770416,0,687,2712,crypto,0.504482305,29.03868751,35.75141648,168.28,28.42260828,29.18380925,77.44,0,1,mobile_android,online,1,0,0,c9416678c97b,3,5,15,479249.309,296.5411422,0.5656,-1,0,4,0,legit,0.0
TXN00191764,8056,1966,34:53.1,1,115,4,0,1,new,353.4920283,26.90802694,26.69001926,0,621,529,food,0.158745529,27.60458246,32.18643155,727.54,24.39187154,23.7867513,400.73,1,0,desktop_firefox,online,1,0,0,f873a021109a,2,1,18,1355971.883,290.3149534,2.4974,-1,1,5,0,legit,0.0
TXN00120100,2760,576,13:26.0,12,72,3,0,0,regular,426.2858249,30.46067688,28.81171575,0,584,1615,electronics,0.253218349,23.26264525,28.59278557,428.14,26.40219397,26.89344382,486.45,1,0,mobile_android,pos,0,0,0,561c701f4a35,1,4,19,562300.6882,426.066812,1.0025,-1,0,2,0,legit,0.0
TXN00006702,12873,1439,57:11.5,23,4,5,1,0,regular,293.5582384,27.54496206,30.62315751,0,653,2648,retail,0.053821197,26.6978315,25.23875818,187.92,29.61322805,27.03346063,421.33,1,0,desktop_chrome,pos,0,0,0,52c2242b9e43,0,2,17,1134450.194,340.1035979,0.5509,-1,0,4,0,legit,0.0
TXN00071041,11260,1574,23:44.0,9,43,2,0,0,regular,174.4356991,29.86976672,25.22714105,0,685,3490,food,0.092512528,21.85806938,30.3603316,263.28,31.2849429,30.52620767,533.7,1,0,mobile_android,online,0,0,0,60a111552e8d,2,4,18,121747.6797,204.703726,1.2799,-1,0,5,0,legit,0.0
TXN00031343,2271,1001,56:35.0,17,19,6,1,0,new,606.6942691,24.40385436,36.25010582,0,692,298,food,0.134314122,21.64005658,25.13170894,792.84,24.28533776,33.05426301,323.31,1,0,mobile_ios,pos,0,0,0,f5a2740771ae,1,4,22,23598.02177,709.7567888,1.1155,-1,0,1,0,legit,0.0
TXN00075330,2187,988,48:35.4,22,45,4,0,0,premium,616.5681385,28.8269196,33.43689451,0,720,497,travel,0.270731444,25.68748929,31.90368129,508.25,29.40080432,36.31861692,287.38,0,0,mobile_ios,pos,0,0,0,025abf6192af,1,4,16,668000.6347,652.122331,0.7782,-1,0,2,0,legit,0.0
TXN00169883,8601,1138,00:31.5,3,102,5,1,1,regular,692.7726989,24.2488701,29.97272859,0,608,2079,electronics,0.276281595,33.09398806,28.49788198,1115.72,23.76035898,31.25219914,140.39,0,0,mobile_android,online,0,0,0,7b22462fd7d0,1,2,18,89401.88058,786.367728,1.417,-1,0,2,0,legit,0.0
TXN00181099,5400,1001,49:43.4,19,108,4,0,0,premium,682.0806211,26.13240576,26.7319275,0,670,2390,food,0.134314122,21.64005658,25.13170894,532.94,25.2920805,28.2213856,175.3,0,0,tablet_ios,atm,0,0,0,86411475426,3,7,31,871602.9208,776.1361808,0.6858,-1,0,6,0,legit,0.0
TXN00069628,1093,1818,36:06.0,12,42,1,0,0,regular,465.5365917,29.93707833,27.43916503,2,451,3778,grocery,0.122043926,27.36633196,24.41914166,489.4,29.79797791,23.627569,366.96,1,0,desktop_chrome,pos,0,0,0,fa367f1e357d,0,3,20,277904.3844,436.3469535,1.119,-1,0,3,0,legit,0.0
TXN00053495,11324,1180,34:54.1,22,32,5,1,0,regular,401.7779119,30.64677948,30.39185685,0,645,2628,travel,0.16916584,20.85500476,35.32218141,481.97,32.24047252,26.76083998,389.27,1,0,mobile_android,online,0,1,0,d61890e8e777,1,3,18,106304.4645,433.6307843,1.1089,-1,1,1,0,legit,0.0
TXN00105464,9763,1061,56:55.5,17,63,1,0,0,new,99.63948198,23.61465757,31.76175622,0,693,2824,food,0.142813597,22.78511103,35.30366588,148.52,24.28599728,28.94253189,296.25,0,0,mobile_ios,online,0,0,0,338daeead624,1,3,15,229065.3546,119.0442534,1.2372,-1,2,2,0,legit,0.0
TXN00002271,12067,1617,29:19.9,8,2,3,0,0,regular,943.2739436,25.52591294,26.66128042,1,635,2108,luxury,0.270421257,22.03335106,31.50795199,978.42,25.16312505,28.70135011,208.27,0,0,desktop_firefox,online,0,1,0,97942d389484,0,2,18,1509011.52,1105.869705,0.884,-1,0,2,0,legit,0.0
TXN00004765,1279,1046,39:03.8,19,3,4,0,0,new,533.2632825,22.63895349,32.60123733,0,637,191,luxury,0.373443102,23.18887558,35.6941832,250.97,21.95083959,28.69153819,407.76,1,0,mobile_ios,online,0,0,0,8176cb9b9a2e,0,6,16,356474.4113,624.1238852,0.4015,-1,0,5,0,legit,0.0
TXN00002874,2879,1667,33:43.1,16,2,3,0,0,regular,380.0578581,27.55867868,35.06067677,0,676,3408,luxury,0.304429757,24.49649064,30.83792166,166.92,27.81413422,34.63814841,50.33,0,0,desktop_chrome,pos,0,0,0,41632fbdd5e2,0,4,23,1904501.653,315.7539088,0.527,-1,0,6,0,legit,0.0
TXN00172656,7074,1840,03:38.4,19,103,6,1,0,regular,384.2660745,28.54120365,30.05374864,0,682,2824,electronics,0.252877237,20.36255191,30.9109446,492.94,29.0309284,32.05103565,202.2,0,0,desktop_chrome,pos,0,0,0,a1e578b8d291,1,3,16,598134.2509,320.6811644,1.5324,-1,0,1,0,legit,0.0
TXN00082024,3387,565,44:12.0,22,49,1,0,0,regular,272.4525003,22.01703828,35.9583773,0,646,1311,grocery,0.08938639,32.71979167,26.84942736,174.16,21.4762525,37.14898663,136.43,0,0,desktop_firefox,pos,0,0,0,26c58897e34d,1,2,18,1179375.954,259.3911373,0.6688,-1,0,1,0,legit,0.0
TXN00190514,8884,1919,16:09.9,8,114,3,0,0,premium,386.5896141,28.30727263,27.25411093,0,585,977,travel,0.167665341,32.93380133,32.38255113,306.31,26.06256656,25.53691591,300.41,1,0,mobile_ios,online,0,0,0,aed7270ef40e,1,2,19,2431828.484,316.6498207,0.9643,-1,0,4,0,legit,0.0
TXN00024013,7080,1454,02:14.8,9,15,2,0,0,regular,92.52108566,25.38526905,36.68605378,0,648,1578,gambling,0.478501956,29.84388075,31.20868101,89.68,26.22270522,37.21940009,107.24,0,0,desktop_chrome,pos,0,0,0,e1305d50732d,0,7,22,568360.6486,80.68019396,1.0979,-1,1,5,0,legit,0.0
TXN00029494,9350,1782,28:56.2,15,18,5,1,0,new,530.8760774,25.54854753,30.33455707,0,790,2148,food,0.096584017,25.89275539,33.38595065,418.38,25.44248307,29.98208125,37.21,0,0,mobile_android,online,0,0,0,39f15f34b94c,0,8,19,593349.2672,630.1282372,0.6629,-1,0,5,0,legit,0.0
TXN00006729,4873,1362,17:24.1,0,5,6,1,1,new,128.2385104,28.85738635,27.71313488,0,760,190,travel,0.260618996,22.25458805,37.66679612,124.9,27.46300972,29.39359338,225.04,0,0,tablet_android,in_app,0,0,0,d372424b74ec,1,4,18,1775133.959,129.2594864,0.9589,-1,2,2,0,legit,0.0
TXN00109466,6500,1835,22:19.4,3,66,4,0,1,regular,177.4751503,31.49683427,35.37417105,0,625,732,grocery,0.147081049,28.45722076,29.20009972,116.11,34.13571663,34.5335751,303.53,1,0,mobile_android,atm,0,1,0,e1d5857910d9,1,9,11,1204496.565,155.4435943,0.7422,-1,0,3,0,legit,0.0
TXN00131106,3786,1183,08:49.7,1,79,3,0,1,dormant,38.50170463,31.34023381,33.80984325,0,612,2431,retail,0.139904469,33.77034264,33.53565339,24.12,31.35072035,34.04672129,22.49,0,0,desktop_chrome,online,0,0,0,91e7bbd6ded8,3,3,15,99999.0,32.2017729,0.7265,-1,0,5,0,legit,0.0
TXN00122218,12971,797,57:58.4,16,73,4,0,0,regular,187.6497516,26.20240583,31.2227071,0,677,3727,travel,0.286578749,33.16675939,30.92163507,473.92,28.52057477,31.03650456,257.98,0,0,mobile_android,in_app,0,0,0,74b9eb19d512,0,9,13,380335.6411,163.1993242,2.8862,-1,0,1,0,legit,0.0
TXN00005969,11336,1116,16:30.6,13,4,5,1,0,regular,109.2905918,23.70629354,27.22745835,0,539,1173,retail,0.143121004,21.14860581,32.67501018,103.22,24.68168886,24.54714775,293.14,0,0,mobile_android,in_app,1,0,0,60fc44a06b35,0,6,18,730117.609,118.4924979,0.8638,-1,0,1,0,legit,0.0
TXN00065392,8687,1646,03:46.5,0,40,6,1,1,regular,460.0211593,30.77070833,27.14219556,0,749,139,travel,0.280582054,32.32617144,35.41197097,345.29,32.90033479,30.17136675,373.29,1,0,mobile_ios,online,0,0,0,3a83794ea0ba,0,6,20,246467.3244,478.4057662,0.7202,-1,0,3,0,legit,0.0
TXN00028820,2427,513,24:56.8,6,18,5,1,0,dormant,416.4365836,26.70064922,29.21008813,1,795,360,retail,0.075673818,29.51991816,27.01156237,352.98,27.61395665,28.8543702,107.34,0,0,mobile_ios,in_app,1,0,0,4d980065133d,0,3,19,38441.18345,409.6119051,0.8596,-1,0,1,0,legit,0.0
TXN00123466,1641,1060,07:31.2,11,74,5,1,0,regular,428.7914828,29.70273889,36.38515186,0,689,2752,luxury,0.250592524,22.07865871,34.36045917,592.74,30.96549049,36.22776663,140.98,0,0,mobile_android,online,0,0,0,d249c883992b,2,6,21,457316.1648,441.9793673,1.3381,-1,0,5,0,legit,0.0
TXN00039977,3792,1790,17:00.4,21,24,4,0,0,regular,109.3022031,26.63306569,32.36842018,0,775,3713,grocery,0.032408779,34.08725522,28.04285839,87.76,28.49391252,34.5164822,296.8,0,0,tablet_ios,pos,0,0,0,f6f1489b1711,2,2,16,374954.3796,91.34622439,0.9503,-1,0,4,0,legit,0.0
TXN00128421,10988,584,50:49.2,9,77,1,0,0,premium,682.6788304,31.2972998,31.70203209,1,455,3207,food,0.055337803,26.03146727,30.33875914,410.37,30.33653787,32.70567219,142.95,0,1,mobile_ios,pos,0,0,0,d7ea397d7b10,0,2,24,37263.78935,581.5930984,0.7044,-1,0,1,0,legit,0.0
TXN00120782,2455,1875,38:53.8,21,72,3,0,0,dormant,875.5907676,29.61653318,25.94882081,0,606,471,grocery,0.179619932,33.92857257,25.23471325,610.09,30.75978059,25.33910869,139.88,0,0,desktop_chrome,online,0,0,0,7c4c43627096,1,5,17,132056.4767,973.4922243,0.6261,-1,1,1,0,legit,0.0
TXN00087412,5286,917,15:46.2,3,53,5,1,1,new,101.1411791,24.85041418,34.96434111,1,612,1412,electronics,0.337962836,24.05351833,26.06010279,154.69,26.28016772,34.32175031,171.39,0,0,mobile_ios,atm,1,0,0,d75cbe9606a9,0,5,24,288392.3473,99.45494559,1.5399,-1,0,3,0,legit,0.0
TXN00060822,8057,1426,30:17.5,7,37,3,0,0,regular,172.5720588,29.86050759,28.11088405,0,593,698,food,0.120137046,22.79720953,35.4273502,120.1,28.11696263,25.65592584,305.46,1,0,mobile_android,in_app,0,0,0,9f60a5c22223,1,8,15,716117.9106,203.1796489,0.5882,-1,0,2,0,legit,0.0
TXN00119754,11406,1783,54:30.6,6,72,3,0,0,regular,301.3258756,24.39467997,28.50767083,1,663,1173,crypto,0.604537819,25.89363346,30.65511275,269.69,19.26361266,27.19679788,584.76,1,1,mobile_ios,pos,0,0,0,c4e873d386cf,1,2,19,668330.8293,282.9940689,0.9496,-1,1,4,0,legit,0.0
TXN00185944,4884,910,32:10.4,15,111,0,0,0,new,60.80060321,26.63081588,25.57215272,0,603,3575,food,0.054641744,30.62838838,27.50775338,48.01,25.34373481,27.11963176,209.73,0,0,desktop_firefox,online,0,0,0,e92156d37e6f,1,4,15,749384.4426,66.96449381,0.7064,-1,1,4,0,legit,0.0
TXN00186560,6752,1717,17:43.5,0,112,1,0,1,premium,524.527128,27.39351802,31.93234745,1,544,2871,retail,0.093391037,21.68170352,32.10591025,514.03,31.55008922,30.98498732,470.73,1,0,mobile_android,atm,0,0,0,7c49a4745d68,1,4,13,362377.9453,576.378371,0.8903,1,0,4,0,legit,0.0
TXN00032231,5454,1821,37:04.8,5,20,0,0,1,new,156.2543159,23.26418445,33.45082201,0,630,1489,grocery,0.090172315,25.46705468,25.15276505,227.41,25.59767985,32.50335879,276.45,0,0,tablet_ios,pos,0,1,0,10688aad17ae,1,2,22,648281.3401,165.2537259,1.3678,-1,0,2,0,legit,0.0
TXN00162701,4026,1312,27:54.8,20,97,0,0,0,dormant,569.221219,27.31044924,35.05753767,0,644,3999,food,0.094078813,32.75057752,37.41050661,395.53,29.38682814,35.89819434,244.94,0,0,desktop_chrome,pos,0,0,0,d18f4a469ac7,1,7,17,2010698.672,544.5338518,0.725,-1,0,2,0,legit,0.0
TXN00001904,3899,968,09:32.1,3,2,3,0,1,premium,178.957002,24.89268008,36.8779999,0,712,2710,electronics,0.300578789,34.1604796,34.94051505,148.13,23.12750042,38.80498414,275.75,0,0,mobile_ios,in_app,0,0,0,b41d7b83afa5,1,3,15,278898.9728,201.6067412,0.7311,-1,0,4,0,legit,0.0
TXN00194160,11833,903,07:55.5,12,116,5,1,0,regular,500.5226175,28.93350545,29.02865614,0,689,2388,food,0.134268279,28.83812319,32.71296991,440.8,32.02141813,28.43858229,347.52,1,0,desktop_firefox,pos,0,0,0,cc4379ff71a4,0,9,19,226689.743,460.3814503,0.9554,-1,0,5,0,legit,0.0
TXN00018031,12142,693,05:05.6,20,11,5,1,0,regular,196.9250727,22.49970789,28.16473655,0,586,2709,retail,0.132702077,30.99645356,27.36102674,472.71,22.13116951,29.24546134,118.14,0,0,mobile_ios,atm,0,0,0,f71a9d524304,2,3,19,144562.7072,175.6954379,2.6753,-1,1,2,0,legit,0.0
TXN00075420,10241,1589,57:17.8,23,45,4,0,0,regular,289.7717482,28.31498555,32.54429477,0,636,2017,food,0.125562395,34.6872656,29.83793758,289.06,27.682965,32.21192976,77.31,0,0,mobile_ios,online,0,0,0,69079b659a79,2,1,21,1960838.758,318.9501085,0.9035,-1,0,4,0,legit,0.0
TXN00055808,6586,1209,41:57.9,7,34,0,0,0,regular,419.7048628,27.05856027,27.92435243,0,585,3095,grocery,0.105050459,31.00924196,29.10001289,410.94,26.12607949,25.45081647,265.52,0,0,unknown,pos,0,0,0,764bb5ad520d,0,5,13,1028432.017,389.5190313,1.0523,-1,1,7,0,legit,0.0
TXN00160742,9496,631,47:57.1,16,96,6,1,0,dormant,253.0300997,26.29064268,32.20562737,0,755,866,retail,0.115747095,26.02841494,28.15243007,590.02,26.26309735,33.40551082,119.45,0,0,tablet_ios,online,0,0,0,f05709433ea5,1,1,24,255337.7621,287.8262259,2.0428,-1,0,1,0,legit,0.0
TXN00034931,3796,1653,18:31.0,21,21,1,0,0,premium,658.8673474,22.4676475,25.09845895,0,646,2869,luxury,0.284629699,20.50368407,26.32829052,1030.55,19.98104346,25.07872856,276.02,0,0,desktop_chrome,pos,0,0,0,4f1af3ec1ede,1,7,13,434372.4679,532.1425518,1.933,-1,0,7,0,legit,0.0
TXN00099508,11747,1346,04:43.5,6,60,5,1,0,new,120.8117803,29.06726343,31.6379084,0,665,3090,gambling,0.540885171,33.02477139,32.58727735,55.11,27.66836068,33.63079875,247.98,0,0,desktop_firefox,online,0,0,0,c44940faade1,0,4,24,738734.8492,133.2788079,0.4104,-1,0,2,0,legit,0.0
TXN00003515,9546,1325,35:32.3,1,3,4,0,1,new,360.9360391,23.85442724,34.80820546,0,712,614,electronics,0.212662057,25.2418225,25.65886412,296.81,18.39462637,39.04210345,742.98,1,0,tablet_ios,online,0,0,0,01b03c7899de,0,5,20,78289.58742,311.5427724,0.9497,-1,0,3,0,legit,0.0
TXN00115827,6964,1082,48:08.2,21,69,0,0,0,regular,142.3823612,23.35242759,34.72771593,0,659,1088,grocery,0.102860301,21.79945714,27.03538469,174.86,22.89663306,34.78945171,50.98,0,0,mobile_ios,online,0,0,0,ba516bff08be,1,5,18,642627.3553,166.0306201,1.0469,-1,0,9,0,legit,0.0
TXN00172320,5526,1458,12:06.6,14,103,6,1,0,new,381.6304907,27.48801727,29.02783386,0,756,38,food,0.17169863,22.63587522,26.25975759,1300.07,28.23246442,29.24412205,85.33,0,0,mobile_android,pos,1,1,0,541fa8862c55,1,4,19,30.58992267,362.4116809,3.5774,-1,1,1,1,account_takeover,1105.06
TXN00151778,11713,775,27:21.9,7,91,1,0,0,new,256.4309183,22.35509035,34.08609539,0,739,1812,crypto,0.556758542,34.35490979,26.07040724,312.14,19.82686734,31.67891057,373.93,1,0,desktop_chrome,in_app,0,0,0,b89858642e7f,3,4,18,1012726.866,278.7242548,1.1159,-1,0,1,0,legit,0.0
TXN00031277,3163,1912,11:31.8,17,19,6,1,0,new,411.8359256,23.51474768,26.65005811,0,679,1625,crypto,0.649126719,32.98517093,35.76518569,789.09,21.02454821,26.10993972,281.83,0,0,desktop_firefox,online,1,0,0,337b6a7c1650,1,9,20,238105.783,449.5661116,1.7513,5,1,2,0,legit,0.0
TXN00099154,2340,862,26:16.8,1,60,5,1,1,regular,110.1988295,24.88406383,34.06801546,0,755,3364,luxury,0.307584119,33.36245132,24.49028652,244.76,25.00141052,34.69602854,64.57,0,0,mobile_android,online,0,0,0,8f5bb1409258,2,7,18,99838.37812,91.08050212,2.6581,-1,0,2,0,legit,0.0
TXN00191482,2467,1781,39:24.2,21,114,3,0,0,regular,250.7731771,22.50629253,29.16731283,0,696,2979,food,0.075173011,34.97922178,26.98820486,494.43,23.1990972,28.30072947,117.52,0,0,mobile_ios,online,0,0,0,b41c1f1f3e51,2,8,18,269336.4919,279.5741197,1.7622,-1,0,1,0,legit,0.0
TXN00136961,6499,1919,59:34.8,12,82,6,1,0,regular,87.490862,31.07412021,25.79348112,0,664,305,travel,0.167665341,32.93380133,32.38255113,63.78,33.33755544,27.71060269,310.39,1,0,desktop_chrome,atm,1,0,0,a47384893665,1,7,22,425794.456,78.89297607,0.7983,-1,0,6,0,legit,0.0
TXN00116956,2827,1689,44:12.8,13,70,1,0,0,dormant,157.5153135,26.57170499,26.64786711,0,761,2704,travel,0.211220083,23.48330397,27.02789056,137.65,26.42186113,23.20863892,341.84,1,0,tablet_android,online,0,0,0,03fadf2fd1d3,1,5,20,204719.818,177.2213973,0.7724,-1,0,3,0,legit,0.0
TXN00113409,3712,1527,39:09.9,11,68,6,1,0,regular,20.27881686,24.6125801,31.40145001,0,599,817,retail,0.136231477,23.14670402,34.22086885,13.03,26.19018321,30.11250943,218.14,0,0,mobile_ios,pos,0,0,0,cdd99810d26b,2,2,13,2576471.69,22.92919635,0.5445,2,0,6,0,legit,0.0
TXN00055132,6937,990,14:17.3,22,33,6,1,0,regular,79.56350451,27.35168304,34.23950107,0,681,1577,retail,0.158470713,29.03181501,36.11986995,125.42,27.53552787,29.17715782,499.52,1,0,desktop_chrome,online,0,0,0,dee6e4db1871,2,4,18,836197.0397,75.39629422,1.6417,-1,0,7,0,legit,0.0
TXN00076148,10004,1793,44:19.2,10,46,5,1,0,regular,453.4366822,31.8594027,30.48577342,0,582,3435,grocery,0.146595538,24.05079817,27.61257861,424.98,31.84615248,29.86790567,58.27,0,0,unknown,atm,0,0,0,e971776d1d54,2,4,20,193424.4944,379.1595907,1.1179,-1,0,2,0,legit,0.0
TXN00153856,2655,1708,00:19.8,13,92,2,0,0,dormant,28.77767408,27.94072154,29.66023523,0,579,3875,electronics,0.246598585,28.92551658,32.29752397,11.09,26.81754821,28.67655416,157.63,0,1,mobile_android,online,0,0,0,5ca7b44f3e40,0,4,13,186327.6988,26.23703057,0.4072,-1,0,1,0,legit,0.0
TXN00018661,4317,1380,18:08.0,5,12,6,1,1,premium,38.57844918,24.06315395,29.41089265,0,753,2642,electronics,0.206385761,31.56806084,36.03323436,81.02,22.29124524,27.11600357,304.61,1,0,mobile_android,online,0,0,0,d36ba5a5cd4d,0,5,17,703888.1665,35.40824695,2.2253,-1,0,4,0,legit,0.0
TXN00023848,8285,805,31:59.4,6,15,2,0,0,regular,541.6741595,29.8224643,28.35605374,0,591,3702,food,0.083898953,31.57299932,30.51432701,400.41,28.79314735,24.96907963,345.6,1,0,desktop_chrome,online,0,0,0,db8e5cb93c5f,1,7,17,225178.7752,614.0644803,0.651,-1,2,3,0,legit,0.0
TXN00015378,3392,1394,50:06.7,4,10,4,0,1,regular,310.6726167,24.38613787,30.25034434,0,640,3731,retail,0.117770231,33.72753022,29.5967211,300.86,26.77269876,31.04199632,276.73,0,0,mobile_ios,pos,0,0,0,f0a825493166,6,3,24,369142.5969,257.357737,1.1645,5,0,2,0,legit,0.0
TXN00142884,9035,776,15:53.9,2,86,3,0,1,premium,313.1132611,28.29488949,27.30997122,0,614,836,retail,0.075248765,32.42121178,32.24486619,315.62,26.96815685,31.06527203,395.48,1,0,tablet_ios,atm,0,0,0,f953c515e725,3,8,18,112309.4336,331.6891753,0.9487,-1,0,2,0,legit,0.0
TXN00199808,4037,1624,21:01.8,21,119,1,0,0,dormant,177.1878962,26.31349378,35.30871524,0,706,779,food,0.087158232,25.87366541,35.16757602,151.3,27.14708338,37.78767465,263.44,0,0,mobile_android,pos,0,0,0,29c0307dcfec,1,3,25,261749.5598,143.8379381,1.0446,-1,0,9,0,legit,0.0
TXN00119536,8035,577,24:17.5,3,72,3,0,1,new,134.3453504,26.44766118,35.9399676,0,644,116,retail,0.16260609,32.79917182,24.62431441,92.66,25.07293951,37.05175392,188.4,0,1,desktop_firefox,atm,0,0,0,9d68d8290172,1,3,20,486727.5424,149.0281942,0.6176,-1,0,3,0,legit,0.0
TXN00028835,2571,1052,41:02.5,6,18,5,1,0,regular,158.7503937,30.70598993,28.53749038,0,599,304,travel,0.160301166,21.71308578,24.81272743,71.57,31.21243753,30.11532985,160.74,0,0,desktop_firefox,atm,1,0,0,10af23b0d2ed,0,5,19,2010260.81,142.3970983,0.4991,1,0,4,0,legit,0.0
TXN00187489,5889,887,15:00.4,13,112,1,0,0,regular,205.2300366,22.34574706,36.32247318,0,657,3469,travel,0.223137394,24.73901329,26.5353881,70.54,19.74949336,34.50531563,343.3,1,0,desktop_chrome,pos,0,0,0,5d13f94f17ea,1,7,18,34260.00585,166.6492156,0.4208,-1,0,4,0,legit,0.0
TXN00009695,8690,1559,50:09.4,18,6,0,0,0,premium,177.9371425,30.95652846,36.93907566,0,605,83,grocery,0.177493842,24.77887649,37.40157246,173.91,31.4478587,34.25497659,261.25,0,0,unknown,online,0,0,0,8cb5f0d0aaf1,1,4,15,395210.7598,145.5305286,1.1869,-1,0,6,0,legit,0.0
TXN00029988,7281,1405,07:29.6,22,18,5,1,0,regular,833.0779179,30.90775451,30.40913648,0,724,1937,luxury,0.313859437,34.00543367,31.34604268,2610.93,32.35421122,33.12971277,304.81,1,0,tablet_android,pos,0,0,0,089717bda017,2,4,18,19949.35077,778.5663406,3.3492,-1,0,2,0,legit,0.0
TXN00009936,10182,1750,29:58.1,22,6,0,0,0,premium,262.4887796,27.12148267,28.33884616,0,800,1055,electronics,0.341839287,30.85939424,24.20238185,109.65,25.62106418,30.21711804,249.34,0,0,mobile_android,pos,0,0,0,7f6b14562523,3,4,15,1451817.65,267.8030292,0.4079,-1,0,7,0,legit,0.0
TXN00142230,10826,879,57:04.7,16,85,2,0,0,regular,426.5533915,22.8116977,26.09277982,0,572,3920,retail,0.057690503,20.30700898,30.96171085,591.24,25.69987658,28.28460881,391.24,1,0,tablet_android,in_app,0,0,0,5149bcd21ec2,1,7,15,207764.9705,505.9694089,1.1662,-1,0,1,0,legit,0.0
TXN00150480,8968,1134,11:36.9,13,90,0,0,0,regular,744.0480206,22.11771813,30.33198014,0,739,2896,grocery,0.104402606,32.04428369,36.01712889,1062.33,22.12667559,32.77241626,250.96,0,0,desktop_firefox,online,0,0,0,d759102e012a,2,3,13,99999.0,836.3428498,1.2687,-1,0,2,0,legit,0.0
TXN00110633,1596,555,42:49.5,19,66,4,0,0,regular,310.3906991,23.04520134,30.20870533,0,631,2532,retail,0.066038724,33.93038631,26.96873971,388.27,24.10822947,28.68983629,194.91,0,0,desktop_chrome,online,0,0,0,0d5fd75b4079,2,2,20,198219.6822,254.8788331,1.5174,-1,0,2,0,legit,0.0
TXN00007200,7132,653,54:22.7,6,5,6,1,0,regular,828.5457552,25.78063458,29.59471449,0,670,624,electronics,0.329251449,22.95233465,28.89606797,972.31,24.67217351,31.86262191,257.92,0,0,mobile_ios,pos,0,0,0,74ae1d676d7c,1,7,20,783093.133,866.3083393,1.1211,-1,0,2,0,legit,0.0
TXN00152338,3639,1716,02:21.1,15,91,1,0,0,new,203.4081458,29.91862725,35.33073189,0,618,434,luxury,0.336470782,34.74300961,37.72837887,214.71,27.99611103,34.39374477,231.66,0,1,mobile_android,in_app,0,0,0,a32e69d9eed2,1,6,21,15086.94078,169.04866,1.2626,-1,0,0,0,legit,0.0
TXN00020786,2676,604,20:46.9,11,13,0,0,0,premium,242.135078,22.98740339,32.73430942,0,547,2530,electronics,0.233970418,26.43102452,32.83189361,165.48,20.9225445,32.85977348,229.56,0,0,mobile_android,online,0,0,0,fdf963d2f8be,1,4,27,267827.0523,228.7773313,0.7202,-1,0,2,0,legit,0.0
TXN00008841,4055,904,57:50.7,5,6,0,0,1,dormant,157.1725066,29.64778746,32.40666915,0,742,1117,crypto,0.602592162,20.12045372,30.31576032,163.82,32.97849699,31.07313387,391.45,1,0,mobile_android,pos,0,0,0,25783ce3a81c,3,4,14,2751670.367,188.5132446,0.8644,-1,1,8,0,legit,0.0
TXN00101207,7584,1775,15:28.9,5,61,6,1,1,regular,218.8869001,29.63506709,34.73229107,0,678,2450,food,0.130976898,25.35296203,30.3488397,489.02,27.07246448,32.50520654,356.48,1,0,desktop_firefox,pos,0,0,0,a0d9b21a7de4,0,6,17,141106.5066,214.0384828,2.2741,13,0,6,0,legit,0.0
TXN00080712,7349,900,31:21.6,4,49,1,0,1,new,672.0270172,24.70069684,30.14516906,0,652,1810,travel,0.160854454,32.89084503,32.71066171,460.45,22.60290047,30.78337566,241.59,0,0,tablet_android,online,0,0,0,1108fe3a463b,0,5,17,971181.6055,702.4439565,0.6546,-1,0,3,0,legit,0.0
TXN00166642,10976,1322,20:06.1,5,100,3,0,1,regular,63.96402184,23.31468169,26.83034444,0,641,3079,retail,0.068499645,22.61038121,28.6002468,51.22,23.35891737,25.11430393,175.0,0,1,mobile_android,online,0,0,0,87092ab87115,0,6,15,779034.0092,58.18569215,0.8654,14,2,3,0,legit,0.0
TXN00004287,10000,1922,47:26.7,12,3,4,0,0,dormant,149.933151,26.22052788,25.07894581,0,504,827,electronics,0.337698959,28.55716233,25.91599687,89.9,26.46565346,23.74517465,135.57,0,0,desktop_firefox,online,0,0,0,d8fea58c4fba,0,6,15,63881.67502,161.6490732,0.5527,-1,0,3,0,legit,0.0
TXN00005652,12210,1677,34:22.0,8,4,5,1,0,premium,257.3443207,29.92064077,25.39120641,0,707,226,food,0.135145377,32.42115443,31.93285815,360.2,30.06898499,26.73779017,130.59,0,0,mobile_android,online,0,0,0,4af5bbb0bea6,2,3,13,382701.7494,259.0306656,1.3852,-1,0,5,0,legit,0.0
TXN00088689,2815,1360,25:38.9,21,53,5,1,0,dormant,89.29689734,25.22184314,36.21743926,0,757,342,crypto,0.641955264,26.66032589,31.0481419,70.66,28.66712586,35.42096292,390.7,1,0,desktop_firefox,online,1,0,0,03a9187396a2,0,2,12,572853.2177,98.58243955,0.7096,-1,2,1,0,legit,0.0
TXN00149611,7738,730,20:06.4,1,90,0,0,1,regular,501.9146678,23.21390247,27.93389435,0,676,1191,luxury,0.361788165,31.74914162,33.86357174,610.9,24.3606611,31.15435437,352.33,1,0,mobile_ios,online,0,0,0,78032114ddb2,0,4,17,894357.9208,505.847552,1.2053,-1,1,8,0,legit,0.0
TXN00091843,10800,1844,33:24.7,17,55,0,0,0,new,653.4613095,24.79923553,29.05620193,0,674,855,grocery,0.0598785,30.19741066,31.70312436,541.45,25.9793051,30.39461448,188.01,0,0,mobile_ios,pos,0,0,0,dd131e9393cc,0,12,24,451165.2262,697.5332453,0.7751,-1,0,0,0,legit,0.0
TXN00020619,3589,545,50:55.0,8,13,0,0,0,new,212.8969814,25.32961875,27.32087519,0,756,748,travel,0.211148422,27.82969236,36.37714122,360.83,28.84215437,26.32313461,402.54,1,0,mobile_ios,pos,0,0,0,4088ae91f52d,2,3,10,374042.9738,234.9816322,1.5291,-1,0,2,0,legit,0.0
TXN00037633,2304,1040,58:42.6,11,23,3,0,0,new,242.146501,31.5657881,26.14845263,1,614,1669,retail,0.129524276,27.46386273,31.96369757,237.36,31.91575824,23.16283229,285.03,0,0,mobile_ios,atm,0,0,0,cc2a416eee8e,2,5,21,99999.0,283.3479512,0.8348,-1,1,2,0,legit,0.0
TXN00080769,1429,1219,18:55.0,5,49,1,0,1,premium,123.6969438,31.95887907,34.11492018,0,586,2781,grocery,0.137762565,33.83511806,35.96007201,180.83,35.24286657,33.87345575,365.23,1,0,mobile_ios,online,0,0,0,7106dbf65b4e,0,2,20,104361.4926,102.301445,1.7505,-1,0,3,0,legit,0.0
TXN00152266,5822,1483,12:28.0,14,91,1,0,0,regular,42.54040669,24.92433041,36.97883733,0,769,3168,grocery,0.039905781,32.37179336,36.37806854,48.9,24.63011348,37.41080257,54.38,0,0,mobile_ios,online,0,0,0,8aa73db02d82,2,8,21,169058.4664,36.42670559,1.3066,-1,1,1,0,legit,0.0
TXN00049490,4951,673,59:59.2,12,30,3,0,0,new,513.7893056,22.88546392,33.05854757,0,810,44,luxury,0.373660602,31.81061086,30.34054992,584.76,18.57312951,32.5256282,481.76,1,0,mobile_android,pos,0,0,0,5ff6de39771e,3,6,15,679603.7741,478.3243655,1.22,-1,0,0,0,legit,0.0
TXN00186142,1604,1618,37:25.2,18,111,0,0,0,premium,74.28106154,22.03508505,27.16649413,0,720,2778,electronics,0.267012131,30.25656845,30.44806174,46.06,24.82055513,28.26506587,329.2,1,0,mobile_android,online,0,0,0,bd38557f9138,1,4,18,99999.0,87.19821213,0.5222,-1,1,3,0,legit,0.0
TXN00111709,8980,1727,42:43.9,10,67,5,1,0,regular,356.6470637,24.93896486,31.31415212,0,707,562,retail,0.169190878,24.57615175,26.22243989,415.46,24.3669433,28.76341024,264.47,0,0,mobile_android,pos,0,1,0,12dcf76d8791,2,5,20,369482.2225,323.6379776,1.2798,-1,0,4,0,legit,0.0
TXN00135519,11660,1280,39:44.9,15,81,5,1,0,regular,285.3730194,22.52189896,29.08258357,0,680,1749,electronics,0.321775657,29.87245563,26.99801299,732.59,21.54929219,32.1488001,332.41,1,0,mobile_android,pos,0,0,0,1d440227b167,0,8,20,61316.84593,336.8999064,2.1681,-1,0,2,0,legit,0.0
TXN00108019,10760,898,13:24.4,7,65,3,0,0,dormant,255.6844958,29.02638121,31.21757618,0,541,1198,travel,0.298809736,23.199305,33.010272,549.78,30.60512264,30.91229551,177.73,0,0,mobile_ios,online,0,0,0,ccc19434491f,0,7,24,734034.6394,235.1000308,2.3286,-1,0,1,0,legit,0.0
TXN00002963,9896,874,45:10.8,17,2,3,0,0,regular,152.1519827,27.05659037,36.59969668,0,590,3285,gambling,0.5495816,27.01314134,32.15057029,233.29,29.79985745,36.14712235,307.77,1,0,desktop_chrome,online,0,0,0,a44df2ce2636,1,2,24,315747.4398,168.0228763,1.3802,-1,0,4,0,legit,0.0
TXN00190175,9036,831,35:12.1,3,114,3,0,1,regular,458.474313,23.87453893,28.17030621,0,666,1293,retail,0.072882567,32.26056493,35.90863612,325.59,20.81325827,26.03904457,402.82,1,0,desktop_firefox,online,0,0,0,1cab09e1a6e6,1,2,18,635026.7166,483.2289647,0.6724,7,0,4,0,legit,0.0
TXN00110142,6791,1475,08:03.3,13,66,4,0,0,regular,122.6862733,30.1838798,34.73233736,0,491,2472,grocery,0.147472419,20.96634387,29.09831247,101.34,29.27783275,34.022862,121.44,0,0,tablet_android,online,0,0,0,5ea33f8f264d,1,7,20,454827.0712,110.4402119,0.9094,-1,0,4,0,legit,0.0
TXN00091163,4751,889,46:11.6,7,55,0,0,0,dormant,138.5692725,30.72267384,35.56201667,0,727,195,crypto,0.518258303,28.48189141,35.385827,118.52,28.95069558,35.20840899,199.56,0,0,mobile_android,online,0,0,0,dcaa84010d9c,1,6,22,34966.97373,165.9310278,0.71,-1,0,5,0,legit,0.0
TXN00129987,11524,1264,39:59.6,8,78,2,0,0,regular,12.12393797,23.85770144,26.0876989,0,591,6,luxury,0.261065471,33.21839877,36.03338021,18.79,27.11156722,24.14688043,411.42,1,0,desktop_firefox,online,0,0,0,f19a3752737c,3,4,20,761825.6396,11.86037176,1.4611,-1,1,0,1,synthetic_identity,17.85
TXN00185818,4968,1302,57:18.7,13,111,0,0,0,regular,120.2484851,28.61841985,32.93022975,1,664,3131,retail,0.162534041,25.05196432,26.28000378,168.07,26.56778375,32.99637752,227.71,0,1,mobile_ios,in_app,0,0,0,75b86daa424d,0,2,12,801368.4918,107.8109641,1.5446,-1,1,2,0,legit,0.0
TXN00157838,10807,1620,50:32.4,21,94,4,0,0,regular,291.4591105,30.06301191,27.71342428,0,586,1383,luxury,0.318874333,20.46505629,25.75338722,167.87,32.2969968,26.37611186,279.28,0,0,mobile_ios,in_app,0,0,0,a6e5f4ed44c5,7,3,20,46992.77265,264.8586233,0.6314,-1,0,1,0,legit,0.0
TXN00016945,12642,1129,42:09.1,3,11,5,1,1,regular,49.13825771,29.19628595,28.28706532,0,679,2838,retail,0.188585552,23.32034424,30.67764975,44.29,24.70128513,27.94504305,500.04,1,0,tablet_ios,online,0,0,0,657a1158a50c,2,5,20,999140.996,44.29722196,0.9778,-1,0,4,0,legit,0.0
TXN00169964,2704,1491,01:15.9,4,102,5,1,1,regular,341.4835566,27.92737806,27.05239175,0,709,3430,grocery,0.09475587,23.33146175,33.40226046,235.83,31.24825061,30.03348743,470.48,1,1,tablet_android,online,0,0,0,de306abbacc6,0,5,24,285219.3258,350.7014467,0.6705,-1,1,4,0,legit,0.0
TXN00074725,6227,1702,55:38.6,14,45,4,0,0,new,190.0624909,31.64400702,27.75759613,0,651,131,travel,0.179080613,25.32000039,35.83221258,313.64,33.41407271,25.56137992,285.79,0,0,mobile_android,in_app,0,1,0,b377559f7dd2,1,4,12,295708.0466,187.5422758,1.6635,-1,1,8,0,legit,0.0
TXN00131143,1479,1854,41:01.3,1,79,3,0,1,regular,106.4904698,30.75826847,35.21362451,0,539,1146,food,0.084916278,30.70788766,29.12159947,75.51,31.78273718,32.48833326,283.74,0,0,desktop_chrome,pos,0,0,0,0abcbe980ab0,3,6,18,39332.68769,87.29943939,0.8552,-1,1,1,0,legit,0.0
TXN00149808,7078,1957,59:56.4,3,90,0,0,1,regular,462.2012657,24.78992848,29.30264084,0,691,1719,retail,0.126427946,30.10101551,36.50300411,269.39,22.85765179,24.89381303,493.35,1,0,mobile_android,pos,0,1,0,f2ca360dd4aa,2,1,17,429881.3558,485.4243593,0.5538,1,0,4,0,legit,0.0
TXN00153819,6563,1883,18:53.5,12,92,2,0,0,regular,398.2609506,26.65462234,26.7912375,0,641,3094,crypto,0.59908979,27.62267459,33.00151308,532.48,26.32874428,28.10329097,135.09,0,0,mobile_android,online,0,0,0,2afc615764bb,0,8,13,208394.5449,440.2512232,1.2068,-1,0,5,0,legit,0.0
TXN00005099,2352,1761,37:37.6,0,4,5,1,1,regular,311.2107495,27.7427412,35.99489573,0,733,3358,crypto,0.55675791,25.18550816,33.85135003,1022.26,30.24428189,36.79479073,288.58,0,0,tablet_ios,in_app,0,0,0,582f7b67d1df,2,2,25,184696.9493,287.0458218,3.5489,-1,0,2,0,legit,0.0
TXN00186305,9380,1572,52:59.1,20,111,0,0,0,regular,221.6677093,25.69086049,29.99814561,0,596,19,food,0.183093495,30.57284194,36.55388253,840.4,26.13809013,27.88584176,217.04,0,0,mobile_android,pos,1,1,0,1247cf8a295e,2,7,20,7.844868904,230.5633474,3.6292,-1,1,4,1,account_takeover,714.34
TXN00087383,7220,1147,48:27.0,2,53,5,1,1,new,118.0406907,28.6910606,26.13439664,0,500,1669,electronics,0.201828805,34.17673342,37.56189351,224.83,27.81713083,24.89838918,154.58,0,0,mobile_android,pos,0,0,0,0a53673e4a36,2,2,14,428905.7561,123.2461403,1.8096,-1,0,7,0,legit,0.0
TXN00042494,12574,1241,15:24.7,10,26,6,1,0,new,300.0179627,22.2065185,32.72157906,0,544,222,crypto,0.537654616,32.8255155,33.91040027,673.97,24.88375097,32.83730434,297.41,0,0,tablet_android,online,0,0,0,81f7c147ee3c,0,9,12,321666.5224,357.1300979,1.8819,-1,1,6,0,legit,0.0
TXN00168153,5204,1155,58:59.3,2,101,4,0,1,premium,498.3591315,27.31694124,27.07347045,0,595,644,food,0.053168516,26.71662839,32.02689895,361.1,27.79389187,30.05451466,298.72,0,0,desktop_chrome,atm,0,0,1,0c2242823f77,2,7,19,205394.8985,419.6823597,0.8584,-1,0,4,0,legit,0.0
TXN00153352,3216,1508,16:45.7,5,92,2,0,1,new,509.813012,30.16459184,27.67482771,1,589,1278,crypto,0.531164411,33.75159052,30.2241715,302.21,29.51155584,28.04069424,80.54,0,0,desktop_firefox,in_app,0,0,0,a967b2beb8c8,1,9,14,70024.62492,552.7575011,0.5457,-1,0,4,0,legit,0.0
TXN00154277,12895,839,54:56.3,18,92,2,0,0,regular,198.3566069,25.56927976,26.13795897,0,485,724,electronics,0.292253685,25.21498414,35.97962891,296.22,23.80008144,25.92209458,197.57,0,0,mobile_ios,pos,0,0,0,f29bce6c3d6e,2,5,15,396215.8982,190.1275801,1.5499,-1,0,3,0,legit,0.0
TXN00006142,12511,769,54:04.7,15,4,5,1,0,regular,154.7076673,28.98983989,36.63471657,0,797,1483,food,0.100516638,28.81018331,36.71640449,75.68,30.91059319,36.69135842,213.27,0,0,desktop_chrome,pos,0,0,0,87e4a9ae555f,2,7,14,883668.2348,158.5677401,0.4743,-1,1,3,0,legit,0.0
TXN00072254,12799,677,57:11.5,2,44,3,0,1,regular,186.2769345,24.97053181,33.50279129,0,612,2893,food,0.067631522,31.86883143,29.40187442,14.06,25.76091353,37.48503214,410.2,1,0,mobile_android,in_app,0,0,0,97669f425191,24,38,15,2129465.936,186.8389497,0.0749,-1,0,2,1,card_testing,4.22
TXN00098762,8055,1060,04:53.3,20,59,4,0,0,premium,283.2566111,31.57937217,35.84323223,0,692,3319,luxury,0.250592524,22.07865871,34.36045917,169.87,26.83304246,35.81615965,526.85,1,0,mobile_ios,atm,0,0,0,19caa8dc7440,0,5,17,368675.3731,240.4632752,0.7035,-1,1,1,0,legit,0.0
TXN00013557,11207,1788,33:27.0,1,9,3,0,1,regular,91.81884876,26.52320917,27.18064832,0,643,792,luxury,0.277270942,20.02836028,32.33925373,138.74,32.24535908,28.5612848,649.79,1,0,desktop_chrome,online,0,0,0,6d2cc6af6529,2,5,22,99999.0,98.51951805,1.3941,-1,0,6,0,legit,0.0
TXN00048844,6853,952,47:50.5,3,30,3,0,1,new,127.7588962,25.09056716,36.03409435,0,664,2772,food,0.139663315,26.20880898,25.3565464,114.22,27.36171195,38.07197618,324.84,1,0,mobile_android,online,0,0,0,971dd77da698,2,5,19,2172730.869,139.1862287,0.8148,-1,0,0,0,legit,0.0
TXN00097339,5419,1509,35:16.6,23,58,3,0,0,regular,248.969159,22.30591128,27.27165514,0,506,2071,travel,0.200663931,33.30864433,36.7194941,151.28,24.0428125,26.48343434,209.1,0,0,mobile_android,pos,0,0,0,21e7b6d85fbc,1,7,11,140978.5411,233.6298355,0.6448,-1,0,3,0,legit,0.0
TXN00195774,6133,1575,22:38.5,11,117,6,1,0,premium,204.5763397,31.79982382,25.58943577,0,538,3671,retail,0.103444937,34.32334175,37.03473845,478.11,32.40001984,27.4990425,192.07,0,0,mobile_android,online,0,0,0,1c599fa147c1,0,9,13,99999.0,206.6896232,2.302,-1,0,4,0,legit,0.0
TXN00036767,3660,1989,05:53.4,23,22,2,0,0,regular,62.09587655,26.81497637,32.16472169,0,535,1174,grocery,0.155470387,30.78867074,29.0216693,49.7,27.87818382,27.13635041,511.92,1,0,mobile_android,atm,0,0,0,daffe1a3e8d2,0,3,12,99999.0,71.59305952,0.6846,-1,0,1,0,legit,0.0
TXN00111009,1674,1928,40:52.2,0,67,5,1,1,regular,132.6612503,29.33544897,35.44018276,0,697,1711,grocery,0.094093089,24.08900525,31.32776997,131.44,30.89568449,34.55693251,193.13,0,0,desktop_chrome,atm,0,0,0,f0fc046ac7db,1,2,10,1286125.786,109.212096,1.1926,-1,0,5,0,legit,0.0
TXN00176427,3823,1293,18:59.9,0,106,2,0,1,regular,113.09484,27.63784296,26.87761999,0,724,2928,electronics,0.240524138,24.79705432,36.71583684,102.43,32.1698536,27.88331343,512.68,1,0,mobile_android,pos,0,0,0,c6c19589d122,1,1,15,97809.92095,128.2961581,0.7922,-1,0,4,0,legit,0.0
TXN00143150,11350,940,12:57.2,6,86,3,0,0,regular,262.1868849,24.96961503,32.70433911,0,610,3800,electronics,0.300130359,27.92472432,28.14139051,350.75,19.88151502,32.53060214,565.05,1,0,desktop_chrome,online,0,0,0,0ca0652f50c7,0,6,14,615979.7895,265.0141649,1.3185,-1,0,5,0,legit,0.0
TXN00136514,6682,1885,36:14.5,6,82,6,1,0,dormant,205.1227964,23.59969217,34.45876362,1,656,244,electronics,0.201773529,31.52923913,29.02210603,79.71,25.86446184,36.01513698,297.08,0,1,mobile_ios,online,0,0,0,afe11c2efc95,1,1,21,177925.5124,237.9370217,0.3336,-1,0,4,0,legit,0.0
TXN00008437,8968,1787,20:44.8,0,6,0,0,1,regular,744.0480206,22.11771813,30.33198014,0,739,2896,crypto,0.549290913,25.93253152,30.40713723,765.55,19.27536737,28.53613001,365.57,1,0,desktop_chrome,atm,1,0,0,18a7eb6fbd18,0,3,11,265850.8699,805.5132769,0.9492,-1,0,3,0,legit,0.0
TXN00108618,9834,1078,51:27.5,15,65,3,0,0,dormant,91.18558904,28.88802422,25.95028807,0,691,2481,food,0.13939664,28.31107181,27.10742021,63.53,31.70466629,23.76283797,378.08,1,0,mobile_ios,pos,0,0,0,4e9563ad9fa2,0,4,14,712655.3756,80.43684201,0.7801,-1,0,2,0,legit,0.0
TXN00185753,4769,763,00:01.5,13,111,0,0,0,premium,674.6110894,25.0100704,25.74167203,1,625,968,electronics,0.210829455,32.21346487,32.09807259,1853.45,23.37090892,25.11587172,192.53,0,0,mobile_android,online,0,0,0,3b5af5c1f099,0,4,14,114680.234,802.5692246,2.3065,-1,0,1,0,legit,0.0
TXN00135652,2130,1599,27:13.7,17,81,5,1,0,new,357.3087641,29.70509622,32.11948234,1,631,567,travel,0.22189581,23.12032941,36.17179257,437.44,31.69051444,32.13047205,220.38,0,0,mobile_android,pos,0,0,0,5810975039cc,3,4,14,53634.13148,351.904195,1.2395,-1,0,1,0,legit,0.0
TXN00061896,4653,570,46:34.2,22,37,3,0,0,regular,755.3186049,31.34628406,32.0836786,0,714,2982,grocery,0.040870953,26.39110135,31.30718965,906.71,29.69705361,31.30612663,197.35,0,0,unknown,pos,0,0,0,ee421d554a0b,2,4,16,205543.9546,815.4820116,1.1105,-1,0,0,0,legit,0.0
TXN00009422,8417,1740,39:26.2,14,6,0,0,0,regular,91.02309005,29.57944202,27.03043744,0,588,411,food,0.040229816,22.15998113,37.74554114,122.93,28.53787009,26.66501255,120.88,0,0,tablet_android,atm,1,0,0,0add5ecc57b6,2,1,19,98076.80971,78.8334223,1.5398,-1,1,3,0,legit,0.0
TXN00197206,11488,1557,51:07.1,7,118,0,0,0,regular,445.1041955,27.79994666,31.48259041,0,713,2176,luxury,0.272144812,34.33579262,29.32083729,258.73,25.99696247,32.19130612,211.88,0,0,desktop_chrome,online,0,0,0,868edfbacaf8,0,4,25,164986.4316,526.4196333,0.4906,-1,1,5,0,legit,0.0
TXN00104294,9134,1683,40:08.9,1,63,1,0,1,regular,488.8874647,25.52941799,35.12369544,0,703,3083,gambling,0.465245284,23.82746811,36.82377202,689.66,20.83435533,35.65238985,523.84,1,0,desktop_chrome,pos,0,0,0,45bed825fee1,1,0,22,332029.3044,442.8982825,1.5536,-1,0,2,0,legit,0.0
TXN00042787,4838,1466,23:23.6,14,26,6,1,0,dormant,367.8495945,22.82573104,35.4241616,1,639,2696,food,0.051349395,31.26100076,37.92363105,623.93,23.46138817,35.5666589,72.05,0,0,desktop_firefox,online,0,0,0,1f7c8b29cb38,2,4,17,162935.9568,320.5155034,1.9406,-1,0,3,0,legit,0.0
TXN00135543,5127,1661,56:42.6,15,81,5,1,0,dormant,545.8600125,22.21346099,29.10726172,0,675,3167,luxury,0.327351599,29.22338263,32.9684622,442.72,20.09606213,29.09372225,235.04,0,1,mobile_android,online,0,0,0,eb18045f76f5,0,8,13,99999.0,558.3664908,0.7915,-1,0,1,0,legit,0.0
TXN00190818,7068,1639,00:25.7,13,114,3,0,0,premium,336.2455555,31.48021838,30.10543104,0,745,1828,electronics,0.288131566,26.36559153,29.69007943,242.12,30.42699682,33.63022818,353.56,1,0,tablet_ios,pos,0,0,0,09d236f15b36,1,4,18,15053.87109,274.8405835,0.8778,-1,0,1,0,legit,0.0
TXN00121676,6789,1214,46:23.6,9,73,4,0,0,regular,93.15975487,27.55487775,28.14134595,0,696,1234,travel,0.212026277,20.80938576,26.78020653,102.63,25.98911854,30.32882736,276.67,0,0,tablet_ios,pos,0,0,0,bb9f2a685246,1,6,17,189374.566,84.40204727,1.2017,-1,1,1,0,legit,0.0
TXN00069018,9036,1343,44:46.1,3,42,1,0,1,regular,458.474313,23.87453893,28.17030621,0,666,1293,retail,0.051748946,29.7856613,24.92211091,499.4,22.56065833,27.69337032,153.67,0,0,mobile_ios,online,0,0,0,803abb2daf19,3,4,19,16191.41637,404.1594183,1.2326,-1,0,2,0,legit,0.0
TXN00002786,6415,1609,22:40.1,15,2,3,0,0,regular,498.9147783,26.22067519,31.47964276,0,619,1356,grocery,0.045238342,25.08694932,28.61911144,358.82,27.62435941,29.97691698,216.03,0,0,mobile_ios,in_app,0,0,0,389736dcdc6b,2,3,22,99999.0,551.5534985,0.6494,-1,0,0,0,legit,0.0
TXN00064110,7591,965,59:28.3,5,39,5,1,1,regular,486.3452035,23.42981423,30.24345853,0,714,241,food,0.0529383,24.62933066,28.77451019,611.32,25.27764886,28.61490249,263.78,0,0,mobile_ios,online,0,0,0,296f2ffd52c4,5,2,15,1217702.044,458.915858,1.3292,-1,0,3,0,legit,0.0
TXN00184074,4922,528,58:27.6,13,110,6,1,0,new,290.2010393,23.68965525,28.02814249,0,697,266,grocery,0.109313163,24.90981968,32.54377372,215.45,22.40796106,30.09632364,253.84,0,0,mobile_android,in_app,0,0,0,c4976fdcb6e9,2,8,22,99999.0,287.9121918,0.7457,-1,0,3,0,legit,0.0
TXN00071214,2851,1255,39:42.8,11,43,2,0,0,new,421.1182743,29.06916108,32.83363507,0,533,2781,retail,0.10450798,21.6823116,24.75650994,340.9,27.81901677,34.24786419,195.14,0,0,mobile_ios,in_app,0,0,0,141e524e57fc,2,7,14,158368.6136,389.0477187,0.874,-1,0,3,0,legit,0.0
TXN00177626,8015,1213,31:57.7,17,106,2,0,0,new,212.1042675,26.72783676,30.21047512,0,638,3081,electronics,0.213297092,30.61710945,32.01406669,178.86,28.57008172,29.96013647,205.99,0,0,mobile_android,online,0,0,0,b4afbda547ac,1,2,17,855451.2468,217.1411707,0.8199,-1,0,2,0,legit,0.0
TXN00075475,12678,1060,52:30.5,0,46,5,1,1,regular,405.9099842,28.71932241,34.41818046,0,750,1603,luxury,0.250592524,22.07865871,34.36045917,265.4,25.74319509,34.63189512,331.0,1,0,desktop_firefox,in_app,0,0,0,3d68e3666a66,1,3,11,103041.0933,368.5682687,0.7181,-1,0,3,0,legit,0.0
TXN00099038,4969,1674,45:38.7,23,59,4,0,0,regular,194.8485584,30.6272996,29.15633483,0,615,837,retail,0.196529873,30.43946268,31.30557428,131.68,34.47113629,29.08521312,426.72,1,0,tablet_android,in_app,0,0,0,77c541bca6dc,0,7,14,294000.9158,222.5075246,0.5892,-1,0,1,0,legit,0.0
TXN00058587,12519,1492,39:41.5,22,35,1,0,0,new,371.2018049,30.23377335,33.65586631,0,707,3665,retail,0.157597061,21.92966627,31.54080942,611.24,29.4647515,32.3131197,154.49,0,0,mobile_ios,online,0,0,0,f8747ca6958c,1,9,11,1394468.216,355.3720116,1.7152,-1,0,3,0,legit,0.0
TXN00104041,1769,1495,00:06.1,22,62,0,0,0,new,105.0910765,28.06999693,31.73877317,0,652,3910,luxury,0.37618459,31.2665735,30.25094886,142.6,29.00180364,29.73867193,221.53,0,0,desktop_firefox,pos,0,0,0,a6aafa45da57,2,4,18,837255.0815,123.6987329,1.1436,-1,0,4,0,legit,0.0
TXN00054398,11232,1465,01:21.4,12,33,6,1,0,new,659.8139478,29.48995085,28.53011625,0,628,3975,grocery,0.097867706,24.03363241,37.79661749,451.01,29.36005975,27.52421686,98.25,0,0,mobile_ios,online,1,0,0,59eea590c4f0,3,4,19,593078.2383,661.8290505,0.6804,-1,0,2,0,legit,0.0
TXN00000390,4617,659,12:37.4,5,1,2,0,1,new,680.1071372,24.70844045,28.15830197,0,487,2515,gambling,0.550920255,26.52092521,28.42496852,681.11,26.86544228,31.98493949,454.11,1,0,mobile_android,online,0,0,0,4ac3e7737f01,2,7,18,821124.067,659.4270437,1.0313,-1,1,5,0,legit,0.0
TXN00114934,12657,797,32:01.0,8,69,0,0,0,dormant,313.6927168,25.34583422,25.13208595,0,472,1573,travel,0.286578749,33.16675939,30.92163507,203.92,26.89567908,26.18831287,202.04,0,1,mobile_ios,online,0,0,0,c5190703d826,1,5,20,516571.0434,329.884995,0.6163,-1,0,5,0,legit,0.0
TXN00131508,5774,762,44:08.4,6,79,3,0,0,regular,117.6180978,24.46464765,27.92610422,0,594,1092,electronics,0.250087746,20.85239436,25.22430359,187.47,22.99749156,28.83259137,186.84,0,0,mobile_ios,atm,0,0,0,d6851a6be6a3,0,3,16,1025394.922,98.91558811,1.8763,-1,0,3,0,legit,0.0
TXN00065063,5004,861,19:21.4,19,39,5,1,0,premium,84.88507457,24.60364526,36.47280112,0,693,1480,retail,0.083062949,32.1678518,35.56824613,81.71,22.7910011,38.6724703,299.61,0,1,mobile_android,pos,0,0,1,294bc304f07b,1,7,15,669144.7873,87.60919315,0.9221,-1,1,2,0,legit,0.0
TXN00144824,4921,1748,21:59.3,5,87,4,0,1,regular,339.6450031,27.97603809,34.71022825,0,701,3095,travel,0.158139748,24.02707192,36.19285104,691.3,27.65748151,39.04419465,426.32,1,0,mobile_ios,online,0,0,0,ea318b642d27,0,3,26,809886.9076,296.0849033,2.3269,-1,0,3,0,legit,0.0
TXN00056187,9952,608,37:43.3,12,34,0,0,0,premium,74.15962681,23.05357743,32.62435623,0,682,2394,gambling,0.482913331,31.67362505,24.01495599,126.69,22.94738068,31.30972481,134.79,0,0,mobile_ios,online,0,0,0,15361d473557,1,5,18,292302.4249,77.61911424,1.6114,0,1,3,0,legit,0.0
TXN00145619,1561,614,29:32.3,17,87,4,0,0,regular,595.5561441,30.1028923,27.41800557,0,753,629,travel,0.226626515,26.98946654,26.82317283,479.51,28.46383798,26.53299468,200.81,0,0,mobile_ios,pos,0,0,0,dee763272f89,1,8,19,1024347.795,514.7350962,0.9298,-1,0,4,0,legit,0.0
TXN00003038,6886,956,44:43.6,18,2,3,0,0,regular,438.8979067,30.7527845,36.4950904,1,697,2576,gambling,0.550726755,34.81766429,29.75204715,857.58,31.66798017,35.31935892,151.32,0,0,mobile_ios,atm,0,0,0,5686eca17826,2,5,23,687473.8047,480.7012704,1.7803,-1,0,2,0,legit,0.0
TXN00112742,8675,643,02:07.8,2,68,6,1,1,regular,331.0842392,25.92203487,35.25918837,0,670,3434,travel,0.150461515,26.25288462,34.16651408,264.33,27.25433629,36.97591531,226.37,0,0,tablet_ios,atm,0,1,0,35321829f1d4,1,5,20,237434.1386,395.2172542,0.6671,-1,0,2,0,legit,0.0
TXN00077370,2537,670,17:50.8,4,47,6,1,1,regular,143.68657,31.42690827,34.73380277,0,687,1166,food,0.084524871,27.78687569,36.85863975,79.92,34.45372631,36.62829664,380.89,1,0,mobile_ios,pos,0,0,0,f41b324c9f5c,0,2,20,133973.0376,128.8670413,0.6154,-1,0,3,0,legit,0.0
TXN00114188,6865,1201,44:10.8,22,68,6,1,0,regular,429.9475299,27.33393319,33.41587301,0,569,1610,grocery,0.032014938,29.02782419,26.71656908,371.01,24.29755462,34.23118217,346.49,1,0,desktop_chrome,online,0,0,0,5cfa9e1ec0db,2,8,17,564290.7198,503.9339619,0.7348,-1,1,2,0,legit,0.0
TXN00092500,2212,628,22:34.5,3,56,1,0,1,regular,472.7140589,24.80508075,34.7070988,0,694,1757,grocery,0.126581187,20.38511196,35.21172212,222.84,26.24551116,37.433139,317.82,1,0,desktop_firefox,in_app,0,0,0,0f16dd8b9999,3,2,20,263220.3252,396.7989976,0.5602,-1,1,2,0,legit,0.0
TXN00096324,11990,1182,23:49.2,9,58,3,0,0,regular,406.2558028,28.84657056,30.12304965,0,768,2294,food,0.074347637,25.98871463,32.80499117,289.44,29.33891377,31.59000882,152.74,0,0,mobile_android,atm,0,0,0,1e548d91dda7,0,2,25,284895.8261,449.6345802,0.6423,-1,0,1,0,legit,0.0
TXN00176033,11493,1198,28:57.6,18,105,1,0,0,premium,93.7411674,31.52523638,25.47209577,0,472,622,grocery,0.179834411,29.67164454,27.08843676,108.75,34.61961741,25.40646562,343.53,1,0,mobile_ios,atm,0,0,0,23f3ef6e227d,1,4,14,133866.2291,92.93875587,1.1577,0,1,2,0,legit,0.0
TXN00012620,5811,1373,31:24.2,12,8,2,0,0,new,132.6368342,26.27612557,35.8912928,0,595,3168,retail,0.109892544,24.09647024,29.17138888,102.13,25.60823415,32.40093171,355.22,1,0,desktop_chrome,in_app,0,0,0,952e0b3d3354,4,3,21,575398.2499,131.3221282,0.7718,-1,0,6,0,legit,0.0
TXN00142167,6164,808,15:19.5,16,85,2,0,0,premium,88.28443407,22.72248263,29.29161845,0,645,603,retail,0.068699539,33.92741951,34.70052624,158.28,23.98256631,32.74622848,380.35,1,0,mobile_android,online,0,0,0,42d45f7c5a14,1,3,18,1757262.132,86.3918586,1.8112,-1,2,3,0,legit,0.0
TXN00134795,3843,1049,28:16.9,5,81,5,1,1,dormant,247.758444,27.1682522,32.77110494,0,736,1074,electronics,0.256736441,29.21413241,24.84936789,170.81,28.70154573,35.92503195,354.93,1,0,mobile_ios,pos,0,0,0,6d4428c0970e,0,3,20,2458236.57,207.5044366,0.8192,-1,0,1,0,legit,0.0
TXN00056780,3208,845,16:40.6,21,34,0,0,0,regular,748.7450754,31.33951887,32.98932483,0,715,1467,grocery,0.084011617,34.16653583,32.9770645,957.02,30.18769686,37.72790512,467.08,1,0,desktop_chrome,online,0,0,0,00164c1c7c9b,0,4,24,556371.9343,730.4046897,1.3085,-1,0,3,0,legit,0.0
TXN00102042,12963,1628,38:59.0,17,61,6,1,0,regular,241.4775653,24.37361796,27.19005567,2,590,1563,travel,0.260845713,21.63330245,33.8290754,180.67,25.53629505,28.60910605,192.98,0,0,mobile_ios,online,0,0,0,4594b88fb0ce,1,2,16,76523.08935,270.7059633,0.6649,-1,1,2,0,legit,0.0
TXN00067444,6829,1587,46:24.7,4,41,0,0,1,regular,356.5915986,24.8500273,26.21583018,0,766,1348,food,0.05366893,26.42719708,36.90168328,241.42,26.06335993,28.09222307,232.07,0,0,mobile_ios,online,0,0,0,34824bd0287b,3,3,19,1150249.65,351.301172,0.6853,-1,1,1,0,legit,0.0
TXN00191733,3088,1127,06:06.4,1,115,4,0,1,new,1028.59025,30.26060878,31.12803663,0,805,134,retail,0.110473053,22.71180378,30.33862519,384.64,31.90496443,32.54407922,227.48,0,0,tablet_android,online,0,1,0,bc69219931f5,2,1,25,88602.61778,1019.548451,0.3769,-1,1,0,0,legit,0.0
TXN00099899,9120,1992,37:24.0,11,60,5,1,0,regular,68.46989009,31.70139643,28.7338467,0,537,2999,food,0.102144624,23.32274001,34.01664742,40.12,29.19942904,30.72857053,335.58,1,0,desktop_chrome,pos,0,0,0,4f6afee05e30,1,5,16,46202.40441,66.06644905,0.5982,-1,0,4,0,legit,0.0
TXN00020264,11915,1167,46:27.2,3,13,0,0,1,premium,145.401229,25.748267,27.45617461,0,536,408,luxury,0.36340328,20.07977311,24.58213838,110.0,25.18007166,28.9250639,159.83,0,0,desktop_chrome,pos,0,0,0,cedf475708d5,2,6,10,158512.3932,134.6240834,0.8111,-1,0,2,0,legit,0.0
TXN00151892,9764,657,05:04.8,9,91,1,0,0,regular,247.8434375,29.41778537,34.27179046,0,817,2030,gambling,0.578925204,20.39070715,34.88198523,95.72,26.10670619,38.20824978,529.09,1,0,desktop_firefox,online,0,0,0,dd0e4e67fa9b,1,6,15,127214.3453,293.0218146,0.3256,-1,0,4,0,legit,0.0
TXN00196369,10237,804,06:48.7,20,117,6,1,0,premium,163.7705427,25.6389273,27.71084754,1,815,3003,travel,0.226390926,30.0785012,37.61809712,193.33,28.11240851,32.2395854,529.87,1,0,mobile_ios,online,0,0,0,ebf310970ad5,0,7,14,116997.4354,133.0287181,1.4425,-1,0,2,0,legit,0.0
TXN00162053,12827,1894,15:44.5,11,97,0,0,0,dormant,699.0614369,27.45077826,27.73147179,0,713,2626,gambling,0.458876739,24.05534825,30.48669294,535.62,23.7633354,24.18281234,538.25,1,0,mobile_android,atm,0,0,0,8d5409e9d309,4,5,14,577334.1172,660.5183612,0.8097,-1,0,2,0,legit,0.0
TXN00000888,12831,1415,26:35.5,12,1,2,0,0,new,123.1399118,25.67049673,34.41588287,1,709,1240,grocery,0.091723324,28.19086906,33.58761357,303.83,28.06392765,33.88825449,270.86,0,0,mobile_ios,pos,0,0,0,0ac997bbaa2c,0,4,19,215442.18,104.2322869,2.8872,-1,0,3,0,legit,0.0
TXN00147628,12354,1673,43:48.1,21,88,5,1,0,new,323.7406277,29.92091146,35.04295211,0,614,2572,travel,0.298539576,33.59786019,32.52521143,930.73,31.86123064,33.47251389,263.08,0,0,mobile_ios,pos,0,0,0,f21a22d1441e,0,7,16,471300.3012,331.845476,2.7963,9,0,0,0,legit,0.0
TXN00173739,1418,1090,20:30.8,10,104,0,0,0,regular,204.3211434,26.08766286,33.8049625,0,661,3880,retail,0.091790537,30.81458376,35.84231433,251.6,24.52532868,31.94877406,253.61,0,0,mobile_ios,in_app,0,0,0,9494836b181f,0,3,20,3056200.662,164.1828971,1.5232,-1,0,5,0,legit,0.0
TXN00084289,9357,1473,57:13.7,6,51,3,0,0,regular,300.2910369,29.94244318,29.11041142,0,610,803,travel,0.296610259,20.80710545,33.98188711,547.02,31.62954106,26.73257686,295.6,0,0,mobile_ios,online,0,0,0,e6f853eb5c23,2,5,16,471118.3053,353.1420994,1.5446,-1,0,9,0,legit,0.0
TXN00096534,1726,1333,13:00.9,12,58,3,0,0,premium,262.3303281,30.8750719,35.18953671,0,700,544,retail,0.181930349,28.17955094,28.7232409,163.63,32.17379327,35.66438976,151.09,0,0,desktop_chrome,pos,0,0,0,9571ff068480,2,6,21,190929.3297,211.2875592,0.7708,-1,0,1,0,legit,0.0
TXN00171827,11033,1080,31:38.7,7,103,6,1,0,new,56.01108978,27.95960635,27.36051862,0,601,1664,grocery,0.050012088,24.81402321,27.29106367,36.21,25.95344179,24.72416288,341.17,1,0,mobile_ios,in_app,0,1,0,f17f6174d532,2,8,17,127790.8407,55.69115356,0.6387,-1,0,4,0,legit,0.0
TXN00158675,2626,1132,05:29.5,10,95,5,1,0,regular,177.4273374,28.30778537,29.8130534,0,726,915,electronics,0.31169753,28.90063934,35.83328966,69.71,28.67528254,28.9641537,92.45,0,0,tablet_android,pos,0,0,0,f6d2840969ee,2,4,17,99999.0,159.3748324,0.4347,-1,0,7,0,legit,0.0
TXN00184765,9747,1956,54:28.9,23,110,6,1,0,premium,1109.279693,25.37295029,32.37242823,0,644,1602,electronics,0.264219696,24.56364233,26.57663157,936.98,25.66051233,30.8096756,159.95,0,0,tablet_ios,online,1,0,0,0f3367f55a22,6,0,24,994145.3585,1140.987183,0.8205,-1,0,3,0,legit,0.0
TXN00033273,7908,735,04:19.7,21,20,0,0,0,new,226.0760993,24.31256856,26.21902549,0,658,2505,luxury,0.304398228,27.20867927,30.83648351,210.15,23.68810145,26.74718032,87.52,0,0,mobile_android,online,0,0,0,4134abd0d757,2,2,16,620885.644,240.399591,0.8705,-1,0,1,0,legit,0.0
TXN00164865,8785,518,58:19.8,3,99,2,0,1,regular,794.375329,25.24987164,30.15948541,0,660,3097,grocery,0.136000879,24.3465728,37.23070763,856.72,28.48654429,28.87815607,381.61,1,1,desktop_chrome,online,0,1,0,bde8d69aa34c,1,6,16,386360.9714,808.5013879,1.0583,-1,0,4,0,legit,0.0
TXN00075746,4940,917,47:45.7,4,46,5,1,1,new,88.83016892,24.20682188,31.2621952,0,778,3987,electronics,0.337962836,24.05351833,26.06010279,62.94,23.24480996,30.59850315,126.16,0,0,desktop_chrome,pos,0,0,0,8b55cbe97d69,1,2,18,2175959.656,71.78120965,0.8648,-1,0,2,0,legit,0.0
TXN00158963,2773,1397,19:27.5,14,95,5,1,0,dormant,762.713085,24.98042696,31.53360984,0,645,3098,travel,0.241663351,30.95982647,26.45797281,870.74,25.51342021,30.54447769,115.78,0,0,tablet_android,in_app,0,0,0,3751a14e24e5,0,6,17,1251650.053,818.8947361,1.062,-1,0,3,0,legit,0.0
TXN00157390,2560,1952,43:40.0,15,94,4,0,0,regular,59.01997192,31.67356335,33.12723313,0,640,2277,grocery,0.039334416,26.92774702,26.88359322,133.43,32.39932823,31.85672621,144.55,0,0,tablet_ios,in_app,0,0,0,306c47db7174,0,1,12,414277.4875,48.31825097,2.7055,-1,0,2,0,legit,0.0
TXN00014771,6277,975,40:59.2,19,9,3,0,0,regular,284.5059616,24.6985174,32.09664452,1,506,2304,retail,0.155956678,29.94001777,33.04356764,161.94,26.10115545,34.21013253,263.95,0,1,mobile_ios,online,0,0,0,339d7891184c,1,10,19,59750.38151,303.3967689,0.532,-1,0,2,0,legit,0.0
TXN00153769,7512,1254,30:59.5,11,92,2,0,0,new,201.2730137,27.0117873,36.22341634,0,779,2792,retail,0.172641468,27.88356938,24.29539923,130.81,29.36776918,33.55477444,371.53,1,0,mobile_android,pos,0,0,0,cd66942ab4f3,0,2,14,964721.0413,200.3531883,0.6497,-1,1,1,0,legit,0.0
TXN00013221,1841,1343,48:48.0,20,8,2,0,0,regular,296.240259,27.40437934,26.81624136,0,658,2414,retail,0.051748946,29.7856613,24.92211091,278.4,26.72399078,24.69754559,222.02,0,1,desktop_chrome,pos,0,0,0,f5ab77dc6066,2,4,17,474393.6833,259.2617217,1.0697,-1,0,2,0,legit,0.0
TXN00020205,1369,1056,02:43.4,3,13,0,0,1,premium,298.1212133,31.72316429,36.86064832,0,799,3665,travel,0.292821864,31.21232115,30.58088016,379.23,32.02724982,37.58986914,76.68,0,0,desktop_firefox,atm,1,0,0,8c5ddeb74b2c,1,1,23,99999.0,318.6622019,1.1863,-1,0,0,0,legit,0.0
TXN00093893,1501,1022,06:53.4,23,56,1,0,0,regular,78.23599824,30.42015169,32.8732116,0,488,3719,gambling,0.588778024,23.01148457,33.91692394,65.61,30.70188875,32.62943941,39.02,0,0,desktop_firefox,pos,0,0,0,4c0837edc3d8,1,5,22,561358.1722,80.22680527,0.8077,-1,1,6,0,legit,0.0
TXN00086456,9644,1891,17:31.6,14,52,4,0,0,regular,354.6029762,28.28166003,26.26243118,0,538,784,food,0.183832784,25.29227447,32.21207853,142.86,27.5106748,30.9139024,462.66,1,0,mobile_android,pos,0,0,0,75c0b50d0ee5,1,4,19,601100.5014,358.3902763,0.3975,-1,1,4,0,legit,0.0
TXN00066706,9691,652,32:40.0,18,40,6,1,0,regular,255.8627261,24.96264403,34.25211909,0,722,3741,food,0.120300972,33.89083494,26.483801,156.9,25.14634218,34.49980987,32.2,0,0,mobile_android,online,0,0,0,6f9ea7c292f8,0,4,15,500645.7922,264.1378873,0.5918,-1,0,2,0,legit,0.0
TXN00094363,3252,584,20:46.9,5,57,2,0,1,regular,1106.179501,27.0423927,26.38776688,0,743,2389,food,0.055337803,26.03146727,30.33875914,531.14,31.34595367,25.98939601,479.32,1,0,mobile_ios,online,0,0,0,a08178085b40,3,7,9,521901.6325,1126.903763,0.4709,-1,0,5,0,legit,0.0
TXN00194862,6524,1851,16:49.1,22,116,5,1,0,regular,198.107367,30.63076627,26.3737251,0,687,336,electronics,0.337371116,30.70876935,34.34017936,135.38,29.94048253,27.19073292,109.36,0,0,mobile_ios,atm,0,0,0,16797dc03aa5,0,6,16,52781.9975,175.8216731,0.7656,-1,0,4,0,legit,0.0
TXN00088045,12421,1174,34:39.6,12,53,5,1,0,regular,527.2949152,31.53555932,34.23801663,0,752,609,grocery,0.12730155,25.16527079,33.29668487,232.17,34.42421042,35.3050991,336.16,1,0,mobile_android,in_app,0,0,0,5705be5b421e,1,4,21,51505.51367,621.8208461,0.3728,-1,0,2,0,legit,0.0
TXN00138616,2711,1614,43:32.8,12,83,0,0,0,premium,226.5934643,30.84076531,36.79299619,0,795,388,grocery,0.173610138,34.16784416,25.7895131,462.06,31.51136003,39.28817116,249.18,0,0,mobile_ios,online,0,0,0,f7993b077f6f,3,6,16,1768022.927,270.7356618,1.7004,-1,0,3,0,legit,0.0
TXN00013940,8430,1395,12:18.5,7,9,3,0,0,regular,89.40771704,30.04854095,30.95019421,0,624,750,gambling,0.529492091,20.18643589,35.51208738,153.45,27.54036738,29.60465976,306.96,1,0,mobile_ios,in_app,0,0,0,c6e9eac6e45e,1,1,14,99999.0,82.19194965,1.8445,-1,0,5,0,legit,0.0
TXN00003932,12281,1693,08:26.3,8,3,4,0,0,regular,390.3116219,25.1090263,34.43262244,0,690,336,grocery,0.175854867,25.12673094,37.35133098,201.06,24.92063443,34.72043,35.69,0,0,mobile_android,pos,0,0,0,3869395ce941,3,4,27,114825.1979,342.7477862,0.5849,-1,0,2,0,legit,0.0
TXN00117025,5681,1228,33:50.1,14,70,1,0,0,regular,42.88360693,25.5990089,25.14163208,0,612,2325,retail,0.079453556,33.23328893,34.84543924,28.33,29.76388136,26.24576996,475.33,1,0,mobile_ios,in_app,0,0,0,45ed712b56be,3,6,19,804934.4001,46.54595149,0.5958,-1,1,2,0,legit,0.0
TXN00145587,4331,1394,58:05.9,16,87,4,0,0,new,286.4008667,23.93103761,29.86424511,0,543,3923,retail,0.117770231,33.72753022,29.5967211,89.55,25.72454804,29.55658537,201.51,0,0,mobile_ios,online,0,0,0,5288fc9c1262,1,2,17,902681.454,306.6362759,0.2911,5,1,3,0,legit,0.0
TXN00196691,11614,1533,38:31.5,0,118,0,0,1,regular,251.0912876,23.54782718,30.94042174,0,563,2027,luxury,0.278721196,33.61850145,35.48988745,135.08,22.17073987,34.2255789,367.58,1,0,mobile_android,in_app,0,0,0,492b983e0dd7,1,0,10,2356338.467,282.3186945,0.4768,-1,0,4,0,legit,0.0
TXN00105217,6756,1289,46:01.5,14,63,1,0,0,regular,415.2497694,24.76543628,33.88169399,0,603,422,luxury,0.282387951,21.31793103,35.59625595,498.11,24.50661213,34.36961474,56.96,0,0,desktop_firefox,pos,0,0,0,7.61938E+11,0,3,15,641222.5198,404.8549032,1.2273,-1,0,4,0,legit,0.0
TXN00024407,11603,504,40:13.8,14,15,2,0,0,dormant,249.7940361,25.62836182,30.95115186,0,546,3175,travel,0.218217573,21.53133009,33.02044193,308.45,26.2897687,29.80741352,135.99,0,0,mobile_android,online,0,0,0,ea1ab85b4f9a,3,6,22,1148680.97,258.2967472,1.1896,-1,0,4,0,legit,0.0
TXN00043200,11621,1347,45:15.6,19,26,6,1,0,regular,228.9543434,23.1647915,27.76122788,0,619,2737,grocery,0.137104938,29.67154847,33.06662172,416.4,22.96181125,28.26567209,56.19,0,0,mobile_ios,online,0,1,0,eccfaa71c59d,1,5,21,536451.0769,254.8967011,1.6272,-1,0,2,0,legit,0.0
TXN00107415,8898,726,42:06.1,22,64,2,0,0,regular,453.4402729,29.50211373,35.60097455,0,623,2876,food,0.110071831,22.62363387,30.83724014,358.31,28.01409207,35.08060107,172.65,0,0,mobile_android,online,0,0,0,dbf475f804d2,3,3,14,631863.2757,467.6433255,0.7646,-1,0,3,0,legit,0.0
TXN00183772,5064,968,00:47.3,10,110,6,1,0,new,66.62892289,23.97547053,27.99486328,1,600,1860,electronics,0.300578789,34.1604796,34.94051505,50.71,25.66624821,28.36772041,191.45,0,0,mobile_android,in_app,0,0,0,c21557e792c9,1,2,18,660010.132,63.11918229,0.7909,-1,0,1,0,legit,0.0
TXN00012834,9861,955,43:13.7,15,8,2,0,0,new,179.1117984,25.51757567,35.64178994,0,606,3328,grocery,0.163464117,34.24489801,32.45837887,68.6,27.20089721,34.98610779,198.06,0,0,mobile_ios,pos,0,0,0,1ce32521c1d0,1,6,23,772616.6058,167.8749527,0.4062,-1,0,5,0,legit,0.0
TXN00099303,8538,1435,24:54.8,3,60,5,1,1,regular,75.76863414,31.92458428,26.32685261,0,592,1761,electronics,0.251539859,29.14111899,35.56309799,71.51,29.34002424,30.31257931,472.55,1,0,mobile_android,pos,0,0,0,68f935cb107e,2,2,27,2187774.031,80.69684116,0.8753,-1,0,3,0,legit,0.0
TXN00085513,9170,658,12:38.3,0,52,4,0,1,new,341.8970023,23.65229781,28.72289466,0,760,779,electronics,0.302269496,21.35870601,25.28789891,454.73,23.57703971,27.40219151,134.54,0,0,desktop_chrome,pos,0,0,0,54353b56f2eb,1,4,16,371513.643,347.3630096,1.3053,-1,0,1,0,legit,0.0
TXN00057382,2195,1168,15:31.9,5,35,1,0,1,new,28.8150115,25.06448896,33.12356377,0,496,2005,grocery,0.064750325,20.85689666,36.58955382,20.15,22.65360008,33.51568467,270.5,0,0,tablet_ios,in_app,0,0,0,2123df374191,2,4,14,483029.1257,29.44854507,0.6618,-1,1,3,0,legit,0.0
TXN00097161,11431,1551,05:21.8,21,58,3,0,0,premium,114.9998306,22.3387415,25.25655613,1,615,703,crypto,0.505419059,23.80688075,29.41789588,71.29,26.04138082,26.78061859,439.77,1,0,desktop_chrome,online,0,0,0,0cf175aa372e,0,4,18,436617.6183,137.2509091,0.5157,-1,0,4,0,legit,0.0
TXN00067313,5255,603,04:42.0,3,41,0,0,1,regular,701.9270126,25.70007544,33.02305468,0,713,1120,travel,0.206374768,25.17230223,26.33745013,668.15,26.26211725,31.87885287,130.34,0,0,mobile_ios,online,0,0,0,73fb818801da,2,5,22,129660.6114,589.1232412,1.1322,-1,0,2,0,legit,0.0
